{"components/products/top":"\r\n<div class=\"top-seller-product-block\">\r\n\t<h2 class=\"page-heading\">{{lang 'products.top' }}</h2>\r\n\t<section data-product-type=\"top_sellers\" class=\"productCarousel\"\r\n\t    data-slick='{\r\n\t        \"dots\": true,\r\n\t        \"infinite\": false,\r\n\t        \"mobileFirst\": true,\r\n\t        \"slidesToShow\": 1,\r\n\t        \"slidesToScroll\": 1,\r\n\t        \"responsive\": [\r\n\t            {\r\n\t                \"breakpoint\": 1260,\r\n\t                \"settings\": {\r\n\t                    \"slidesToScroll\": 3,\r\n\t                    \"slidesToShow\": {{ columns }}\r\n\t                }\r\n\t            },\r\n\t            {\r\n\t                \"breakpoint\": 800,\r\n\t                \"settings\": {\r\n\t                    \"slidesToScroll\": 3,\r\n\t                    \"slidesToShow\": 3\r\n\t                }\r\n\t            },\r\n\t            {\r\n\t                \"breakpoint\": 550,\r\n\t                \"settings\": {\r\n\t                    \"slidesToScroll\": 2,\r\n\t                    \"slidesToShow\": 2\r\n\t                }\r\n\t            }\r\n\t        ]\r\n\t    }'\r\n\t>\r\n\t    {{#each products}}\r\n\t    <div class=\"productCarousel-slide\">\r\n\t        {{> components/products/card theme_settings=../theme_settings show_rating=../settings.show_product_rating setting_show = ../settings}}\r\n\t    </div>\r\n\t    {{/each}}\r\n\t</section>\r\n</div>","components/products/card":"<article class=\"card {{#if alternate}}card--alternate{{/if}}\">\r\n    <figure class=\"card-figure\">\r\n        <a href=\"{{url}}\" class=\"product_img_link\">\r\n            <img class=\"card-image\" src=\"{{getImage image 'productgallery_size' (cdn theme_settings.default_image_product)}}\" alt=\"{{image.alt}}\">\r\n        </a>\r\n        <figcaption class=\"card-figcaption\">\r\n            <div class=\"card-figcaption-body\">\r\n                \r\n                {{#if show_cart_action}}\r\n                    <div class=\"btn-cart\">\r\n                        {{#if has_options}}\r\n                            <a href=\"{{url}}\" class=\"button button--small card-figcaption-button\" data-product-id=\"{{id}}\">{{lang 'products.choose_options'}}</a>\r\n                        {{/if}}\r\n                        {{#if pre_order}}\r\n                            <a href=\"{{url}}\" class=\"button button--small card-figcaption-button\">{{lang 'products.pre_order'}}</a>\r\n                        {{/if}}\r\n                        {{#if add_to_cart_url }}\r\n                            <a href=\"{{add_to_cart_url}}\" class=\"button button--small card-figcaption-button\">{{lang 'products.add_to_cart'}}</a>\r\n                        {{/if}}\r\n                    </div>\r\n                    {{#if setting_show.show_wishlist }}\r\n                        <div class=\"btn-wishlist {{#if show_compare}}true-compare {{/if}}\">\r\n                            <form class=\"form\" method=\"post\" action=\"{{add_to_wishlist_url}}\" data-wishlist-add>\r\n                                <div class=\"form-action\">\r\n                                    <input type=\"hidden\" name=\"variation_id\" value=\"\">\r\n                                    <button class=\"button button--small card-figcaption-button\" type=\"submit\" title=\"{{lang 'account.wishlists.add_item'}}\">\r\n                                        <i class=\"fa fa-heart\"></i>\r\n                                    </button>\r\n                                </div>\r\n                            </form>\r\n                        </div>\r\n                    {{/if}}\r\n                    {{#if show_compare}}\r\n                        <div class=\"btn-compare\">\r\n                            <label class=\"button button--small card-figcaption-button\" for=\"compare-{{id}}\" title=\"{{lang 'products.compare'}}\"><i class=\"fa fa-refresh\"></i>\r\n                                 <input type=\"checkbox\" name=\"products[]\" value=\"{{id}}\" id=\"compare-{{id}}\" data-compare-id=\"{{id}}\">\r\n                            </label>\r\n                        </div>\r\n                    {{/if}}\r\n                    {{#unless hide_product_quick_view}}\r\n                        {{#if theme_settings.show_product_quick_view}}\r\n                            <div class=\"btn-quickview\">\r\n                                <a href=\"#\" class=\"button button--small card-figcaption-button quickview\" data-product-id=\"{{id}}\" title=\"{{lang 'products.quick_view'}}\">\r\n                                    <i class=\"fa fa-eye\"></i>\r\n                                </a>\r\n                            </div>    \r\n                        {{/if}}\r\n                    {{/unless}}\r\n                    {{#if out_of_stock_message }}\r\n                        <a href=\"{{url}}\" class=\"button button--small card-figcaption-button\" data-product-id=\"{{id}}\">{{out_of_stock_message}}</a>\r\n                    {{/if}}\r\n                {{/if}}\r\n                </div>\r\n        </figcaption>\r\n    </figure>\r\n    <div class=\"card-body\">\r\n        {{#if brand.name}}\r\n            <p class=\"card-text\" data-test-info-type=\"brandName\">{{brand.name}}</p>\r\n        {{/if}}\r\n        <h4 class=\"card-title\">\r\n            <a href=\"{{url}}\">{{name}}</a>\r\n        </h4>\r\n        {{#if show_rating}}\r\n            <p class=\"card-text\" data-test-info-type=\"productRating\">\r\n                <span class=\"rating--small\">\r\n                    {{> components/products/ratings rating=rating}}\r\n                </span>\r\n            </p>\r\n        {{/if}}\r\n        <div class=\"card-text\" data-test-info-type=\"price\">\r\n            {{> components/products/price price=price}}\r\n        </div>\r\n    </div>\r\n</article>\r\n","components/products/price":"{{#if price.with_tax}}\r\n    <div class=\"price-section price-section--withTax\" {{#if schema_org}}itemprop=\"offers\" itemscope itemtype=\"http://schema.org/Offer\"{{/if}}>\r\n        {{#if price.rrp_with_tax}}\r\n            <span data-product-rrp-with-tax class=\"price price--rrp\">{{price.rrp_with_tax.formatted}}</span>\r\n        {{/if}}\r\n        <span data-product-price-with-tax class=\"price\">{{price.with_tax.formatted}}</span>\r\n        {{#if price.without_tax}}\r\n            {{lang 'products.price_with_tax' tax_label=price.tax_label}}\r\n        {{/if}}\r\n    </div>\r\n{{/if}}\r\n\r\n{{#if price.without_tax}}\r\n    <div class=\"price-section price-section--withoutTax {{#if price.with_tax}}price-section--minor{{/if}}\"  {{#if schema_org}}itemprop=\"offers\" itemscope itemtype=\"http://schema.org/Offer\"{{/if}}>\r\n        {{#if price.rrp_without_tax}}\r\n            <span data-product-rrp-without-tax class=\"price price--rrp\">{{price.rrp_without_tax.formatted}}</span>\r\n        {{/if}}\r\n        {{#if schema_org}}\r\n            <meta itemprop=\"price\" content=\"{{price.without_tax.value}}\">\r\n            <meta itemprop=\"priceCurrency\" content=\"{{currency_selector.active_currency_code}}\">\r\n        {{/if}}\r\n        <span data-product-price-without-tax class=\"price price--withoutTax\">{{price.without_tax.formatted}}</span>\r\n        {{#if price.with_tax}}\r\n            <abbr title=\"{{lang 'products.excluding_tax'}}\">{{lang 'products.price_without_tax' tax_label=price.tax_label}}</abbr>\r\n        {{/if}}\r\n    </div>\r\n{{/if}}\r\n\r\n{{#if page_type '===' 'product'}}\r\n    {{#if price.saved}}\r\n        <div class=\"price-section price-section--saving\">\r\n            <span class=\"price\">\r\n                {{lang 'products.you_save' amount=price.saved.formatted}}\r\n            </span>\r\n        </div>\r\n    {{/if}}\r\n{{/if}}\r\n","components/products/ratings":"{{#for 1 5}}\r\n    {{#if ../this.rating '>=' $index}}\r\n        <span class=\"icon icon--ratingFull\">\r\n            <i class=\"fa fa-star\"></i>\r\n        </span>\r\n    {{else}}\r\n        <span class=\"icon icon--ratingEmpty\">\r\n            <i class=\"fa fa-star-o\"></i>\r\n        </span>\r\n    {{/if}}\r\n{{/for}}\r\n{{{snippet 'product_rating'}}}\r\n"}