[{"name":"Global","settings":[{"type":"checkbox","label":"Use boxxed page layout?","id":"is_boxxed","force_reload":true},{"type":"color","label":"Background color","id":"bg_col","force_reload":true},{"type":"select","label":"Background image repeat","id":"bg_rep","options":[{"value":"no-repeat","label":"No repeat"},{"value":"repeat","label":"Repeat"},{"value":"repeat-x","label":"Repeat X"},{"value":"repeat-y","label":"Repeat Y"}],"force_reload":true},{"type":"select","label":"Background image position","id":"bg_pos","options":[{"value":"center","label":"Center"},{"value":"center top","label":"Center top"},{"value":"center bottom","label":"Center bottom"},{"value":"left top","label":"Left top"},{"value":"left center","label":"Left center"},{"value":"left bottom","label":"Left bottom"},{"value":"right top","label":"Right top"},{"value":"right center","label":"Right center"},{"value":"right bottom","label":"Right bottom"}],"force_reload":true},{"type":"select","label":"Background image attachment","id":"bg_att","options":[{"value":"scroll","label":"Scroll"},{"value":"fixed","label":"Fixed"}],"force_reload":true},{"type":"color","label":"Primary color","id":"color-primary"},{"type":"color","label":"Accent color","id":"color-accent"},{"type":"color","label":"Page background color","id":"body-bg"},{"type":"color","label":"Common light border","id":"container-border-global-color-base"},{"type":"color","label":"Common dark border","id":"container-border-global-color-dark"},{"type":"color","label":"Common light background","id":"container-fill-base"},{"type":"heading","content":"Overlays"},{"type":"color","label":"Modal overlay background color","id":"overlay-backgroundColor"},{"type":"color","label":"Loading overlay background color","id":"loadingOverlay-backgroundColor"}]},{"name":"Typography & Icons","settings":[{"type":"heading","content":"Logo"},{"type":"font","label":"Font family","id":"logo-font","options":[{"group":"Oswald","label":"Oswald","value":"Google_Oswald_400"},{"group":"Oswald","label":"Oswald Light","value":"Google_Oswald_300"}]},{"type":"heading","content":"Body text"},{"type":"font","label":"Font family","id":"body-font","options":[{"group":"Lato","label":"Lato","value":"Google_Lato_400"},{"group":"Karla","label":"Karla","value":"Google_Karla_400"},{"group":"Roboto","label":"Roboto","value":"Google_Roboto_400"},{"group":"Source Sans Pro","label":"Source Sans Pro","value":"Google_Source+Sans+Pro_400"},{"group":"EB Garamond","label":"EB Garamond","value":"Google_EB+Garamond_400"},{"group":"Georgia","label":"Georgia","value":"Georgia"},{"group":"Crimson","label":"Crimson","value":"Google_Crimson+Text_400"},{"group":"Montserrat","label":"Montserrat","value":"Google_Montserrat_400"},{"group":"Open Sans","label":"Open Sans","value":"Google_Open+Sans_400"},{"group":"Open Sans","label":"Open Sans Bold","value":"Google_Open+Sans_700"},{"group":"Roboto","label":"Roboto","value":"Google_Roboto_400"},{"group":"Volkhov","label":"Volkhov","value":"Google_Volkhov_400"},{"group":"Sans-serif | Google Web Fonts","label":"Droid Sans","value":"Google_Droid+Sans_400,700_sans"},{"group":"Sans-serif | Google Web Fonts","label":"Lato Thin","value":"Google_Lato_100_sans"},{"group":"Sans-serif | Google Web Fonts","label":"Lato Light","value":"Google_Lato_300_sans"},{"group":"Sans-serif | Google Web Fonts","label":"Lato Normal","value":"Google_Lato_400_sans"}]},{"type":"select","label":"Font size","id":"fontSize-root","options":[{"value":10,"label":"10px"},{"value":11,"label":"11px"},{"value":12,"label":"12px"},{"value":13,"label":"13px"},{"value":14,"label":"14px"},{"value":15,"label":"15px"},{"value":16,"label":"16px"},{"value":17,"label":"17px"},{"value":18,"label":"18px"},{"value":19,"label":"19px"},{"value":20,"label":"20px"}]},{"type":"heading","content":"Headings"},{"type":"font","label":"Font family","id":"headings-font","options":[{"group":"EB Garamond","label":"EB Garamond","value":"Google_EB+Garamond_400"},{"group":"Crimson","label":"Crimson","value":"Google_Crimson+Text_400"},{"group":"Montserrat","label":"Montserrat","value":"Google_Montserrat_400"},{"group":"Open Sans","label":"Open Sans","value":"Google_Open+Sans_400"},{"group":"Open Sans","label":"Open Sans Bold","value":"Google_Open+Sans_700"},{"group":"Roboto","label":"Roboto","value":"Google_Roboto_400"},{"group":"Volkhov","label":"Volkhov","value":"Google_Volkhov_400"},{"group":"Sans-serif | Google Web Fonts","label":"Droid Sans","value":"Google_Droid+Sans_400,700_sans"},{"group":"Sans-serif | Google Web Fonts","label":"Lato Thin","value":"Google_Lato_100_sans"},{"group":"Sans-serif | Google Web Fonts","label":"Lato Light","value":"Google_Lato_300_sans"},{"group":"Sans-serif | Google Web Fonts","label":"Lato Normal","value":"Google_Lato_400_sans"}]},{"type":"select","label":"Font size <h1>","id":"fontSize-h1","options":[{"value":24,"label":"24px"},{"value":26,"label":"26px"},{"value":28,"label":"28px"},{"value":32,"label":"32px"},{"value":36,"label":"36px"}]},{"type":"select","label":"Font size <h2>","id":"fontSize-h2","options":[{"value":21,"label":"21px"},{"value":23,"label":"23px"},{"value":25,"label":"25px"},{"value":29,"label":"29px"},{"value":33,"label":"33px"}]},{"type":"select","label":"Font size <h3>","id":"fontSize-h3","options":[{"value":18,"label":"18px"},{"value":20,"label":"20px"},{"value":22,"label":"22px"},{"value":26,"label":"26px"},{"value":30,"label":"30px"}]},{"type":"select","label":"Font size <h4>","id":"fontSize-h4","options":[{"value":16,"label":"16px"},{"value":18,"label":"18px"},{"value":20,"label":"20px"},{"value":24,"label":"24px"},{"value":28,"label":"28px"}]},{"type":"select","label":"Font size <h5>","id":"fontSize-h5","options":[{"value":11,"label":"11px"},{"value":13,"label":"13px"},{"value":15,"label":"15px"},{"value":19,"label":"19px"},{"value":23,"label":"23px"}]},{"type":"select","label":"Font size <h6>","id":"fontSize-h6","options":[{"value":9,"label":"9px"},{"value":11,"label":"11px"},{"value":13,"label":"13px"},{"value":17,"label":"17px"},{"value":21,"label":"21px"}]},{"type":"select","label":"Font weight","id":"headingsFontWeight","options":[{"value":200,"label":"200"},{"value":400,"label":"400"},{"value":600,"label":"600"},{"value":800,"label":"800"}],"force_reload":true},{"type":"checkbox","label":"Make headings uppercase","id":"fonts_uppercase","force_reload":true},{"type":"heading","content":"Text colors"},{"type":"color","label":"Text color","id":"color-textBase"},{"type":"color","label":"Secondary text color","id":"color-textSecondary"},{"type":"color","label":"Secondary text hover color","id":"color-textSecondary--hover"},{"type":"color","label":"Headings text color","id":"color-textHeading"},{"type":"heading","content":"Link colors"},{"type":"color","label":"Link color","id":"color-textLink"},{"type":"color","label":"Link hover color","id":"color-textLink--hover"},{"type":"color","label":"Link active color","id":"color-textLink--active"},{"type":"heading","content":"Icon colors"},{"type":"color","label":"Icon color","id":"icon-color"},{"type":"color","label":"Icon hover color","id":"icon-color-hover"},{"type":"color","label":"Rating full icon color","id":"icon-ratingFull"},{"type":"color","label":"Button icon color","id":"button--icon-svg-color"}]},{"name":"Buttons","settings":[{"type":"heading","content":"Primary button"},{"type":"color","label":"Text color","id":"button--primary-color"},{"type":"color","label":"Text hover color","id":"button--primary-colorHover"},{"type":"color","label":"Text active color","id":"button--primary-colorActive"},{"type":"color","label":"Background color","id":"button--primary-backgroundColor"},{"type":"color","label":"Background hover color","id":"button--primary-backgroundColorHover"},{"type":"color","label":"Background active color","id":"button--primary-backgroundColorActive"},{"type":"heading","content":"Secondary button"},{"type":"color","label":"Text color","id":"button--secondary-color"},{"type":"color","label":"Text hover color","id":"button--secondary-colorHover"},{"type":"color","label":"Text active color","id":"button--secondary-colorActive"},{"type":"color","label":"Background color","id":"button--secondary-backgroundColor"},{"type":"color","label":"Background hover color","id":"button--secondary-backgroundColorHover"},{"type":"color","label":"Background active color","id":"button--secondary-backgroundColorActive"},{"type":"heading","content":"Default button"},{"type":"color","label":"Text color","id":"button--default-color"},{"type":"color","label":"Text hover color","id":"button--default-colorHover"},{"type":"color","label":"Text active color","id":"button--default-colorActive"},{"type":"color","label":"Border color","id":"button--default-borderColor"},{"type":"color","label":"Border hover color","id":"button--default-borderColorHover"},{"type":"color","label":"Border active color","id":"button--default-borderColorActive"},{"type":"heading","content":"Disabled button"},{"type":"color","label":"Text color","id":"button--disabled-color"},{"type":"color","label":"Background color","id":"button--disabled-backgroundColor"},{"type":"color","label":"Border color","id":"button--disabled-borderColor"}]},{"name":"Forms","settings":[{"type":"heading","content":"Labels"},{"type":"color","label":"Text color","id":"form-label-font-color"},{"type":"heading","content":"Input fields"},{"type":"color","label":"Text color","id":"input-font-color"},{"type":"color","label":"Background color","id":"input-bg-color"},{"type":"color","label":"Border color","id":"input-border-color"},{"type":"color","label":"Border active color","id":"input-border-color-active"},{"type":"color","label":"Disabled background color","id":"input-disabled-bg"},{"type":"heading","content":"Select boxes"},{"type":"color","label":"Background color","id":"select-bg-color"},{"type":"color","label":"Arrow icon color","id":"select-arrow-color"},{"type":"heading","content":"Checkbox & Radio button"},{"type":"color","label":"Icon color","id":"checkRadio-color"},{"type":"color","label":"Background color","id":"checkRadio-backgroundColor"},{"type":"color","label":"Border color","id":"checkRadio-borderColor"}]},{"name":"Header","settings":[{"type":"color","label":"Store name text color","id":"storeName-color"},{"type":"color","label":"Background color","id":"header-backgroundColor"},{"type":"color","label":"Search, wishlist and mini cart background color","id":"header-searchBackgroundColor"},{"type":"color","label":"Search, wishlist and mini cart text color","id":"header-searchTextColor"},{"type":"color","label":"Header borders color","id":"header-bordersColor"},{"type":"heading","content":"Top navigation"},{"type":"color","label":"Text color","id":"navUser-color"},{"type":"color","label":"Text hover color","id":"navUser-color-hover"},{"type":"color","label":"Background color","id":"navUser-backgroundColor"},{"type":"color","label":"Dropdown background color","id":"navUser-dropdown-backgroundColor"},{"type":"color","label":"Dropdown border color","id":"navUser-dropdown-borderColor"},{"type":"heading","content":"Page navigation"},{"type":"color","label":"Text color","id":"navPages-color"},{"type":"color","label":"Text color hover","id":"navPages-colorHover"},{"type":"color","label":"Background color","id":"navPages-backgroundColor"},{"type":"color","label":"Dropdown background color","id":"navPages-subMenu-backgroundColor"},{"type":"color","label":"Dropdown border color","id":"navPages-subMenu-separatorColor"},{"type":"checkbox","label":"Show 'More' button in menu","id":"menu_more_button","force_reload":true},{"type":"color","label":"'More menu' dropdown background color","id":"navPages-moreMenu-background"},{"type":"color","label":"'More menu' dropdown border color","id":"navPages-moreMenu-border"},{"type":"color","label":"'More menu' dropdown text color","id":"navPages-moreMenu-text"},{"type":"heading","content":"Quick search"},{"type":"checkbox","label":"Show search form in site header","id":"show_search","force_reload":true},{"type":"checkbox","label":"Show search result sugestions underneath search form","id":"show_search_suggest","force_reload":true}]},{"name":"Footer","settings":[{"type":"color","label":"Background color","id":"footer-backgroundColor"},{"type":"color","label":"Border color","id":"footer-borderColor"},{"type":"color","label":"Text color","id":"footer-textColor"},{"type":"color","label":"Heading color","id":"footer-headingColor"},{"type":"color","label":"Search background color","id":"footer-searchBackgroundColor"},{"type":"color","label":"Search buttons color","id":"footer-buttonsColor"},{"type":"color","label":"Payment icons color","id":"footer-iconsColor"},{"type":"checkbox","label":"Show Powered By","force_reload":true,"id":"show_powered_by"}]},{"name":"Products Page","settings":[{"type":"checkbox","label":"Show Sidebar on Product Page","force_reload":true,"id":"show_product_sidebar"},{"type":"checkbox","label":"Zoom Product thumbnail images on hover","force_reload":true,"id":"enable_product_thumb_zoom"},{"type":"select","label":"Display Related Products in tabs or out of them","id":"related_in_tabs","force_reload":true,"options":[{"value":0,"label":"Out of tabs"},{"value":1,"label":"In tabs"}]}]},{"name":"Widgets","settings":[{"type":"heading","content":"Product categories"},{"type":"checkbox","label":"Show 'Best Seller' widget","id":"show_bestseller_widget_category","force_reload":true},{"type":"checkbox","label":"Show 'Latest News' widget","id":"show_latest_news_widget_category","force_reload":true},{"type":"checkbox","label":"Show 'Collections' widget","id":"show_collections_widget_category","force_reload":true},{"type":"heading","content":"Product pages"},{"type":"checkbox","label":"Show 'Brands' widget","id":"show_brands_widget_product","force_reload":true},{"type":"checkbox","label":"Show 'Best Seller' widget","id":"show_bestseller_widget_product","force_reload":true},{"type":"checkbox","label":"Show 'Collections' widget","id":"show_collections_widget_product","force_reload":true},{"type":"checkbox","label":"Show 'Latest News' widget","id":"show_latest_news_widget_product","force_reload":true},{"type":"heading","content":"Blog"},{"type":"checkbox","label":"Show Sidebar on Blog","force_reload":true,"id":"show_blog_sidebar"},{"type":"checkbox","label":"Show Sidebar on Blog Post","force_reload":true,"id":"show_blog_post_sidebar"},{"type":"checkbox","label":"Show 'Latest News' widget","id":"show_latest_news_widget_blog","force_reload":true},{"type":"checkbox","label":"Show 'Tags' widget","id":"show_tags_widget_blog","force_reload":true},{"type":"checkbox","label":"Show 'Collections' widget","id":"show_collections_widget_blog","force_reload":true},{"type":"heading","content":"Blog post"},{"type":"checkbox","label":"Show 'Latest News' widget","id":"show_latest_news_widget_blog_post","force_reload":true},{"type":"checkbox","label":"Show 'Tags' widget","id":"show_tags_widget_blog_post","force_reload":true},{"type":"checkbox","label":"Show 'Collections' widget","id":"show_collections_widget_blog_post","force_reload":true}]},{"name":"Payment Icons","settings":[{"type":"checkbox","label":"American Express","force_reload":true,"id":"show_accept_amex"},{"type":"checkbox","label":"Discover","force_reload":true,"id":"show_accept_discover"},{"type":"checkbox","label":"Mastercard","force_reload":true,"id":"show_accept_mastercard"},{"type":"checkbox","label":"Paypal","force_reload":true,"id":"show_accept_paypal"},{"type":"checkbox","label":"Visa","force_reload":true,"id":"show_accept_visa"},{"type":"color","label":"Icon color","force_reload":true,"id":"icon_color"},{"type":"color","label":"Icon background color","force_reload":true,"id":"icon_background_color"}]},{"name":"Home Page","settings":[{"type":"checkbox","label":"Show 'Featured products' section as carousel?","id":"feat_carousel","force_reload":true},{"type":"checkbox","label":"Show 'Popular products' section as carousel?","id":"top_carousel","force_reload":true},{"type":"checkbox","label":"Show 'New products' section as carousel?","id":"new_carousel","force_reload":true},{"type":"checkbox","label":"Show 'Parallax' section on Home Page","id":"show_home_parallax","force_reload":true},{"type":"checkbox","label":"Show top 'Banners' section on Home Page","id":"show_top_banners","force_reload":true},{"type":"select","label":"How many banners to display","id":"top_banners_number","force_reload":true,"options":[{"value":1,"label":"1"},{"value":2,"label":"2"},{"value":3,"label":"3"}]},{"type":"color","label":"First Banners background color","id":"banner_1_background_color"},{"type":"color","label":"First Banners title color","id":"banner_1_title_color"},{"type":"color","label":"First Banners text color","id":"banner_1_text_color"},{"type":"color","label":"Second Banners background color","id":"banner_2_background_color"},{"type":"color","label":"Second Banners title color","id":"banner_2_title_color"},{"type":"color","label":"Second Banners text color","id":"banner_2_text_color"},{"type":"color","label":"Third Banners background color","id":"banner_3_background_color"},{"type":"color","label":"Third Banners title color","id":"banner_3_title_color"},{"type":"color","label":"Third Banners text color","id":"banner_3_text_color"},{"type":"checkbox","label":"Show lower 'Banners' section on Home Page","id":"show_low_banners","force_reload":true},{"type":"select","label":"How many banners to display","id":"low_banners_number","force_reload":true,"options":[{"value":1,"label":"1"},{"value":2,"label":"2"},{"value":3,"label":"3"}]},{"type":"select","label":"First banner icon","id":"first_banner_icon","force_reload":true,"options":[{"value":"fa-money","label":"Money"},{"value":"fa-dropbox","label":"Box"},{"value":"fa-support","label":"Support"},{"value":"fa-arrow-circle-o-right","label":"Right Arrow"},{"value":"fa-arrow-circle-o-up","label":"Up Arrow"},{"value":"fa-credit-card","label":"Credit Card"},{"value":"fa-truck","label":"Truck"},{"value":"fa-car","label":"Car"},{"value":"fa-plane","label":"Plane"},{"value":"fa-thumbs-o-up","label":"Thumbs Up"},{"value":"fa-tags","label":"Tag"},{"value":"fa-star-o","label":"Star"},{"value":"fa-shield","label":"Shield"},{"value":"fa-gears","label":"Gears"},{"value":"fa-heart-o","label":"Heart"},{"value":"fa-comments","label":"Comments"},{"value":"fa-clock-o","label":"Clock"},{"value":"fa-check-circle-o","label":"Checked"},{"value":"fa-envelope-o","label":"Mail"},{"value":"fa-certificate","label":"Certificate"},{"value":"fa-bell-o","label":"Bell"},{"value":"fa-calendar","label":"Calendar"},{"value":"fa-asterisk","label":"Asterisk"},{"value":"fa-coffee","label":"Coffee"}]},{"type":"select","label":"Second banner icon","id":"second_banner_icon","force_reload":true,"options":[{"value":"fa-money","label":"Money"},{"value":"fa-dropbox","label":"Box"},{"value":"fa-support","label":"Support"},{"value":"fa-arrow-circle-o-right","label":"Right Arrow"},{"value":"fa-arrow-circle-o-up","label":"Up Arrow"},{"value":"fa-credit-card","label":"Credit Card"},{"value":"fa-truck","label":"Truck"},{"value":"fa-car","label":"Car"},{"value":"fa-plane","label":"Plane"},{"value":"fa-thumbs-o-up","label":"Thumbs Up"},{"value":"fa-tags","label":"Tag"},{"value":"fa-star-o","label":"Star"},{"value":"fa-shield","label":"Shield"},{"value":"fa-gears","label":"Gears"},{"value":"fa-heart-o","label":"Heart"},{"value":"fa-comments","label":"Comments"},{"value":"fa-clock-o","label":"Clock"},{"value":"fa-check-circle-o","label":"Checked"},{"value":"fa-envelope-o","label":"Mail"},{"value":"fa-certificate","label":"Certificate"},{"value":"fa-bell-o","label":"Bell"},{"value":"fa-calendar","label":"Calendar"},{"value":"fa-asterisk","label":"Asterisk"},{"value":"fa-coffee","label":"Coffee"}]},{"type":"select","label":"Third banner icon","id":"third_banner_icon","force_reload":true,"options":[{"value":"fa-money","label":"Money"},{"value":"fa-dropbox","label":"Box"},{"value":"fa-support","label":"Support"},{"value":"fa-arrow-circle-o-right","label":"Right Arrow"},{"value":"fa-arrow-circle-o-up","label":"Up Arrow"},{"value":"fa-credit-card","label":"Credit Card"},{"value":"fa-truck","label":"Truck"},{"value":"fa-car","label":"Car"},{"value":"fa-plane","label":"Plane"},{"value":"fa-thumbs-o-up","label":"Thumbs Up"},{"value":"fa-tags","label":"Tag"},{"value":"fa-star-o","label":"Star"},{"value":"fa-shield","label":"Shield"},{"value":"fa-gears","label":"Gears"},{"value":"fa-heart-o","label":"Heart"},{"value":"fa-comments","label":"Comments"},{"value":"fa-clock-o","label":"Clock"},{"value":"fa-check-circle-o","label":"Checked"},{"value":"fa-envelope-o","label":"Mail"},{"value":"fa-certificate","label":"Certificate"},{"value":"fa-bell-o","label":"Bell"},{"value":"fa-calendar","label":"Calendar"},{"value":"fa-asterisk","label":"Asterisk"},{"value":"fa-coffee","label":"Coffee"}]}]},{"name":"Carousel","settings":[{"type":"color","label":"Background color","id":"carousel-bgColor"},{"type":"color","label":"Title color","id":"carousel-title-color"},{"type":"color","label":"Description color","id":"carousel-description-color"},{"type":"color","label":"Indicator color","id":"carousel-dot-color"},{"type":"color","label":"Indicator active color","id":"carousel-dot-color-active"},{"type":"color","label":"Indicator background color","id":"carousel-dot-bgColor"},{"type":"color","label":"Arrow color","id":"carousel-arrow-color"},{"type":"color","label":"Arrow background color","id":"carousel-arrow-bgColor"}]},{"name":"Products","settings":[{"type":"heading","content":"Home page"},{"type":"select","label":"Number of Featured Products","id":"homepage_featured_products_count","force_reload":true,"options":[{"value":0,"label":"Disable"},{"value":1,"label":"1"},{"value":2,"label":"2"},{"value":3,"label":"3"},{"value":4,"label":"4"},{"value":5,"label":"5"},{"value":6,"label":"6"},{"value":7,"label":"7"},{"value":8,"label":"8"},{"value":9,"label":"9"},{"value":10,"label":"10"},{"value":11,"label":"11"},{"value":12,"label":"12"}]},{"type":"select","label":"Number of Most Popular Products","id":"homepage_top_products_count","force_reload":true,"options":[{"value":0,"label":"Disable"},{"value":1,"label":"1"},{"value":2,"label":"2"},{"value":3,"label":"3"},{"value":4,"label":"4"},{"value":5,"label":"5"},{"value":6,"label":"6"},{"value":7,"label":"7"},{"value":8,"label":"8"},{"value":9,"label":"9"},{"value":10,"label":"10"},{"value":11,"label":"11"},{"value":12,"label":"12"}]},{"type":"select","label":"Number of New Products","id":"homepage_new_products_count","force_reload":true,"options":[{"value":0,"label":"Disable"},{"value":1,"label":"1"},{"value":2,"label":"2"},{"value":3,"label":"3"},{"value":4,"label":"4"},{"value":5,"label":"5"},{"value":6,"label":"6"},{"value":7,"label":"7"},{"value":8,"label":"8"},{"value":9,"label":"9"},{"value":10,"label":"10"},{"value":11,"label":"11"},{"value":12,"label":"12"}]},{"type":"heading","content":"Product page"},{"type":"select","label":"Number of Product Reviews","id":"productpage_reviews_count","force_reload":true,"options":[{"value":0,"label":"Disable"},{"value":1,"label":"1"},{"value":2,"label":"2"},{"value":3,"label":"3"},{"value":4,"label":"4"},{"value":5,"label":"5"},{"value":6,"label":"6"},{"value":7,"label":"7"},{"value":8,"label":"8"},{"value":9,"label":"9"},{"value":10,"label":"10"},{"value":11,"label":"11"},{"value":12,"label":"12"}]},{"type":"select","label":"Number of Related Products","id":"productpage_related_products_count","force_reload":true,"options":[{"value":0,"label":"Disable"},{"value":1,"label":"1"},{"value":2,"label":"2"},{"value":3,"label":"3"},{"value":4,"label":"4"},{"value":5,"label":"5"},{"value":6,"label":"6"},{"value":7,"label":"7"},{"value":8,"label":"8"},{"value":9,"label":"9"},{"value":10,"label":"10"},{"value":11,"label":"11"},{"value":12,"label":"12"}]},{"type":"select","label":"Number of Customers Also Viewed Products","id":"productpage_similar_by_views_count","force_reload":true,"options":[{"value":0,"label":"Disable"},{"value":1,"label":"1"},{"value":2,"label":"2"},{"value":3,"label":"3"},{"value":4,"label":"4"},{"value":5,"label":"5"},{"value":6,"label":"6"},{"value":7,"label":"7"},{"value":8,"label":"8"},{"value":9,"label":"9"},{"value":10,"label":"10"},{"value":11,"label":"11"},{"value":12,"label":"12"}]},{"type":"heading","content":"Category pages"},{"type":"select","label":"Number of products per page","id":"categorypage_products_per_page","force_reload":true,"options":[{"value":0,"label":"Disable"},{"value":6,"label":"6"},{"value":8,"label":"8"},{"value":9,"label":"9"},{"value":12,"label":"12"},{"value":15,"label":"15"},{"value":16,"label":"16"},{"value":18,"label":"18"},{"value":20,"label":"20"}]},{"type":"heading","content":"Brand pages"},{"type":"select","label":"Number of products per page","id":"brandpage_products_per_page","force_reload":true,"options":[{"value":0,"label":"Disable"},{"value":6,"label":"6"},{"value":8,"label":"8"},{"value":9,"label":"9"},{"value":12,"label":"12"},{"value":15,"label":"15"},{"value":16,"label":"16"},{"value":18,"label":"18"},{"value":20,"label":"20"}]},{"type":"heading","content":"Search results"},{"type":"select","label":"Number of products per page","id":"searchpage_products_per_page","force_reload":true,"options":[{"value":0,"label":"Disable"},{"value":6,"label":"6"},{"value":8,"label":"8"},{"value":9,"label":"9"},{"value":12,"label":"12"},{"value":15,"label":"15"},{"value":16,"label":"16"},{"value":18,"label":"18"},{"value":20,"label":"20"}]},{"type":"heading","content":"Product cards"},{"type":"color","label":"Product title color","id":"card-title-color"},{"type":"color","label":"Product title hover color","id":"card-title-color-hover"},{"type":"color","label":"Button text color","id":"card-figcaption-button-color"},{"type":"color","label":"Button background color","id":"card-figcaption-button-background"},{"type":"heading","content":"Product cards (Quick search)"},{"type":"color","label":"Background color","id":"card--alternate-backgroundColor"},{"type":"color","label":"Border color","id":"card--alternate-borderColor"},{"type":"color","label":"Text hover color","id":"card--alternate-color--hover"}]}]