{"components/products/card":"<article class=\"card {{#if alternate}}card--alternate{{/if}}\">\r\n    <div class=\"card-left\">\r\n        <div class=\"card-figure\">\r\n            <div class=\"card-image-container\">\r\n                <a href=\"{{url}}\" class=\"image\">\r\n                    <img class=\"card-image\" src=\"{{getImage image 'productgallery_size' (cdn theme_settings.default_image_product)}}\" alt=\"{{image.alt}}\">\r\n                </a>\r\n                {{#if price.rrp_without_tax}}<span class=\"sale-box\"><span class=\"label-sale label\">Sale</span></span>{{/if}}\r\n            </div>\r\n            <div class=\"card-action\">\r\n                {{#if setting_show.show_wishlist }}\r\n                    <div class=\"box-wishlist card-button\">\r\n                        <form class=\"form\" method=\"post\" action=\"{{add_to_wishlist_url}}\" data-wishlist-add>                            \r\n                                <input type=\"hidden\" name=\"variation_id\" value=\"\">\r\n                                {{!--<input class=\"button button--small card-figcaption-button\" type=\"submit\" value=\"{{lang 'account.wishlists.add_item'}}\">--}}\r\n                                <button class=\"button button--small button--primary\" type=\"submit\"><i class=\"fa fa-heart\"></i><span>{{lang 'account.wishlists.add_item'}}</span></button>                            \r\n                        </form>\r\n                    </div>\r\n                {{/if}}\r\n                {{#unless hide_product_quick_view}}\r\n                    {{#if theme_settings.show_product_quick_view}}\r\n                        <div class=\"box-quickview card-button\">\r\n                            <a href=\"#\" class=\"button button--small card-figcaption-button quickview\" data-product-id=\"{{id}}\"><span>{{lang 'products.quick_view'}}</span></a>\r\n                        </div>\r\n                    {{/if}}\r\n                {{/unless}}\r\n                {{#if show_compare}}\r\n                    <div class=\"box-compare card-button\">\r\n                        <label class=\"button button--small button--primary\" for=\"compare-{{id}}\">\r\n                            <span>{{lang 'products.compare'}}</span> <input type=\"checkbox\" name=\"products[]\" value=\"{{id}}\" id=\"compare-{{id}}\" data-compare-id=\"{{id}}\">\r\n                        </label>\r\n                    </div>\r\n                {{/if}}                \r\n            </div>\r\n        </div>        \r\n    </div>\r\n    <figure class=\"card-right\">\r\n        <div class=\"card-body\">\r\n            <div class=\"card-text card-price\" data-test-info-type=\"price\">\r\n                {{> components/products/price price=price}}\r\n            </div>     \r\n            <h4 class=\"card-title card-name\">\r\n                <a href=\"{{url}}\">{{name}}</a>\r\n            </h4>\r\n            {{#if show_rating}}\r\n                <p class=\"card-text card-rating\" data-test-info-type=\"productRating\">\r\n                    <span class=\"rating--small\">\r\n                        {{> components/products/ratings rating=rating}}\r\n                    </span>\r\n                </p>\r\n            {{/if}}            \r\n        </div>\r\n        <figcaption class=\"card-figcaption\">            \r\n            {{#if show_cart_action}}\r\n                <div class=\"box-addcart\">\r\n                    {{#if has_options}}\r\n                        <a href=\"{{url}}\" class=\"button button--small button--primary\" data-product-id=\"{{id}}\">{{lang 'products.choose_options'}}</a>\r\n                    {{/if}}\r\n                    {{#if pre_order}}\r\n                        <a href=\"{{url}}\" class=\"button button--small button--primary\">{{lang 'products.pre_order'}}</a>\r\n                    {{/if}}\r\n                    {{#if add_to_cart_url }}\r\n                        <a href=\"{{add_to_cart_url}}\" class=\"button button--small button--primary\">{{lang 'products.add_to_cart'}}</a>\r\n                    {{/if}}\r\n                    {{#if out_of_stock_message }}\r\n                        <a href=\"{{url}}\" class=\"button button--small button--primary\" data-product-id=\"{{id}}\">{{out_of_stock_message}}</a>\r\n                    {{/if}}\r\n                </div>\r\n            {{/if}}            \r\n        </figcaption>\r\n    </figure>\r\n</article>\r\n","components/products/carousel":"<section class=\"productCarousel\"\r\n    data-slick='{\r\n        \"rows\": {{ rows }},\r\n        \"dots\": false,\r\n        \"infinite\": false,\r\n        \"mobileFirst\": true,\r\n        \"slidesToShow\": 2,\r\n        \"slidesToScroll\": 2,\r\n        \"responsive\": [\r\n            {\r\n                \"breakpoint\": 1260,\r\n                \"settings\": {\r\n                    \"slidesToScroll\": 2,\r\n                    \"slidesToShow\": {{ columns }}\r\n                }\r\n            },\r\n            {\r\n                \"breakpoint\": 800,\r\n                \"settings\": {\r\n                    \"slidesToScroll\": 3,\r\n                    \"slidesToShow\": 3\r\n                }\r\n            },\r\n            {\r\n                \"breakpoint\": 550,\r\n                \"settings\": {\r\n                    \"slidesToScroll\": 3,\r\n                    \"slidesToShow\": 3\r\n                }\r\n            }\r\n        ]\r\n    }'\r\n>\r\n    {{#each products}}\r\n    <div class=\"productCarousel-slide\">\r\n        {{> components/products/card theme_settings=../theme_settings  show_rating=../settings.show_product_rating setting_show = ../settings }}\r\n    </div>\r\n    {{/each}}\r\n</section>\r\n","components/products/price":"{{#if price.with_tax}}\r\n    <div class=\"price-section price-section--withTax\" {{#if schema_org}}itemprop=\"offers\" itemscope itemtype=\"http://schema.org/Offer\"{{/if}}>\r\n        <span data-product-price-with-tax class=\"price\">{{price.with_tax.formatted}}</span>\r\n        {{#if price.rrp_with_tax}}\r\n            <span data-product-rrp-with-tax class=\"price price--rrp\">{{price.rrp_with_tax.formatted}}</span>\r\n        {{/if}}\r\n        {{#if price.without_tax}}\r\n            {{lang 'products.price_with_tax' tax_label=price.tax_label}}\r\n        {{/if}}\r\n    </div>\r\n{{/if}}\r\n\r\n{{#if price.without_tax}}\r\n    <div class=\"price-section price-section--withoutTax {{#if price.with_tax}}price-section--minor{{/if}}\"  {{#if schema_org}}itemprop=\"offers\" itemscope itemtype=\"http://schema.org/Offer\"{{/if}}>        \r\n        {{#if schema_org}}\r\n            <meta itemprop=\"price\" content=\"{{price.without_tax.value}}\">\r\n            <meta itemprop=\"priceCurrency\" content=\"{{currency_selector.active_currency_code}}\">\r\n        {{/if}}\r\n        <span data-product-price-without-tax class=\"price price--withoutTax\">{{price.without_tax.formatted}}</span>\r\n        {{#if price.with_tax}}\r\n            <abbr title=\"{{lang 'products.excluding_tax'}}\">{{lang 'products.price_without_tax' tax_label=price.tax_label}}</abbr>\r\n        {{/if}}\r\n        {{#if price.rrp_without_tax}}\r\n            <span data-product-rrp-without-tax class=\"price price--rrp\">{{price.rrp_without_tax.formatted}}</span>\r\n        {{/if}}\r\n    </div>\r\n{{/if}}\r\n\r\n{{#if page_type '===' 'product'}}\r\n    {{#if price.saved}}\r\n        <div class=\"price-section price-section--saving\">\r\n            <span class=\"price\">\r\n                {{lang 'products.you_save' amount=price.saved.formatted}}\r\n            </span>\r\n        </div>\r\n    {{/if}}\r\n{{/if}}\r\n","components/products/ratings":"{{#for 1 5}}\r\n    {{#if ../this.rating '>=' $index}}\r\n        <span class=\"icon icon--ratingFull\">\r\n            <svg>\r\n                <use xlink:href=\"#icon-star\" />\r\n            </svg>\r\n        </span>\r\n    {{else}}\r\n        <span class=\"icon icon--ratingEmpty\">\r\n            <svg>\r\n                <use xlink:href=\"#icon-star\" />\r\n            </svg>\r\n        </span>\r\n    {{/if}}\r\n{{/for}}\r\n{{{snippet 'product_rating'}}}\r\n","components/products/tabs":"<ul class=\"tabs tabs-product\" data-tab role=\"tablist\">\r\n    {{#if product.related_products}}\r\n        <li class=\"tab is-active\" role=\"presentational\">\r\n            <a class=\"tab-title\" href=\"#tab-related\" role=\"tab\" tabindex=\"0\" aria-selected=\"true\" controls=\"tab-related\">{{lang 'products.related_products'}}</a>\r\n        </li>\r\n    {{/if}}\r\n    {{#if product.similar_by_views}}\r\n        <li class=\"tab{{#unless product.related_products}} is-active{{/unless}}\" role=\"presentational\">\r\n            <a class=\"tab-title\" href=\"#tab-similar\" role=\"tab\" tabindex=\"0\" aria-selected=\"false\" controls=\"tab-similar\">{{lang 'products.similar_by_views'}}</a>\r\n        </li>\r\n    {{/if}}\r\n</ul>\r\n\r\n<div class=\"tabs-contents\">\r\n{{#if product.related_products}}\r\n    <div role=\"tabpanel\" aria-hidden=\"false\" class=\"tab-content has-jsContent is-active\" id=\"tab-related\">        \r\n        {{> components/products/carousel rows=1 products=product.related_products columns=4}}\r\n    </div>\r\n{{/if}}\r\n\r\n{{#if product.similar_by_views}}\r\n    <div role=\"tabpanel\" aria-hidden=\"true\" class=\"tab-content has-jsContent{{#unless product.related_products}} is-active{{/unless}}\" id=\"tab-similar\">\r\n        {{> components/products/carousel rows=1 products=product.similar_by_views columns=4}}\r\n    </div>\r\n{{/if}}\r\n</div>\r\n"}
