[{"name":"Global","settings":[{"type":"color","label":"Primary color","id":"color-primary"},{"type":"color","label":"Page background color","id":"body-bg"},{"type":"color","label":"Common light border","id":"container-border-global-color-base"},{"type":"color","label":"Common dark border","id":"container-border-global-color-dark"},{"type":"color","label":"Common light background","id":"container-fill-base"},{"type":"color","label":"Common dark background","id":"container-fill-dark"},{"type":"heading","content":"Loading indicators"},{"type":"color","label":"Pace bar color","id":"pace-progress-backgroundColor"},{"type":"color","label":"Spinner light half","id":"spinner-borderColor-light"},{"type":"color","label":"Spinner dark half","id":"spinner-borderColor-dark"},{"type":"heading","content":"Overlays"},{"type":"color","label":"Modal overlay background color","id":"overlay-backgroundColor"},{"type":"color","label":"Loading overlay background color","id":"loadingOverlay-backgroundColor"}]},{"name":"Typography & Icons","settings":[{"type":"heading","content":"Logo"},{"type":"font","label":"Font family","id":"logo-font","options":[{"group":"Karla","label":"Karla","value":"Google_Karla_400"},{"group":"Roboto","label":"Roboto","value":"Google_Roboto_400,400i,300,300i,700,700i"},{"group":"Roboto","label":"Roboto Light","value":"Google_Roboto_300,300i,400,400i,700,700i"},{"group":"Roboto","label":"Roboto Bold","value":"Google_Roboto_700,700i,300,300i,400,400i"},{"group":"Lato","label":"Lato","value":"Google_Lato_400,400i,300,300i,700,700i"},{"group":"Lato","label":"Lato Light","value":"Google_Lato_300,300i,400,400i,700,700i"},{"group":"Lato","label":"Lato Bold","value":"Google_Lato_700,700i,300,300i,400,400i"},{"group":"Source Sans Pro","label":"Source Sans Pro (All Weights)","value":"Google_Source+Sans+Pro_400,400i,600,600i,700,700i,900,900i,200,200i,300,300i"},{"group":"Source Sans Pro","label":"Source Sans Pro Normal","value":"Google_Source+Sans+Pro_400,400i"},{"group":"Source Sans Pro","label":"Source Sans Pro Light","value":"Google_Source+Sans+Pro_300,300i"},{"group":"Source Sans Pro","label":"Source Sans Pro SemiBold","value":"Google_Source+Sans+Pro_600,600i"},{"group":"Source Sans Pro","label":"Source Sans Pro Bold","value":"Google_Source+Sans+Pro_700,700i"},{"group":"Caveat","label":"Caveat","value":"Google_Caveat_400,700"},{"group":"Caveat","label":"Caveat Bold","value":"Google_Caveat_700,400"},{"group":"Libre Baskerville","label":"Libre Baskerville","value":"Google_Libre+Baskerville_400,400i"},{"group":"Montserrat","label":"Montserrat","value":"Google_Montserrat_400"}]},{"type":"heading","content":"Body text"},{"type":"font","label":"Font family","id":"body-font","options":[{"group":"Karla","label":"Karla","value":"Google_Karla_400"},{"group":"Roboto","label":"Roboto","value":"Google_Roboto_400,400i,300,300i,700,700i"},{"group":"Roboto","label":"Roboto Light","value":"Google_Roboto_300,300i,400,400i,700,700i"},{"group":"Roboto","label":"Roboto Bold","value":"Google_Roboto_700,700i,300,300i,400,400i"},{"group":"Lato","label":"Lato","value":"Google_Lato_400,400i,300,300i,700,700i"},{"group":"Lato","label":"Lato Light","value":"Google_Lato_300,300i,400,400i,700,700i"},{"group":"Lato","label":"Lato Bold","value":"Google_Lato_700,700i,300,300i,400,400i"},{"group":"Source Sans Pro","label":"Source Sans Pro (All Weights)","value":"Google_Source+Sans+Pro_400,400i,600,600i,700,700i,900,900i,200,200i,300,300i"},{"group":"Source Sans Pro","label":"Source Sans Pro Normal","value":"Google_Source+Sans+Pro_400,400i"},{"group":"Source Sans Pro","label":"Source Sans Pro Light","value":"Google_Source+Sans+Pro_300,300i"},{"group":"Source Sans Pro","label":"Source Sans Pro SemiBold","value":"Google_Source+Sans+Pro_600,600i"},{"group":"Source Sans Pro","label":"Source Sans Pro Bold","value":"Google_Source+Sans+Pro_700,700i"},{"group":"Caveat","label":"Caveat","value":"Google_Caveat_400,700"},{"group":"Caveat","label":"Caveat Bold","value":"Google_Caveat_700,400"},{"group":"Libre Baskerville","label":"Libre Baskerville","value":"Google_Libre+Baskerville_400,400i"},{"group":"Montserrat","label":"Montserrat","value":"Google_Montserrat_400"}]},{"type":"font","label":"Alternative Font family","id":"altBody-font","options":[{"group":"Karla","label":"Karla","value":"Google_Karla_400"},{"group":"Roboto","label":"Roboto","value":"Google_Roboto_400,400i,300,300i,700,700i"},{"group":"Roboto","label":"Roboto Light","value":"Google_Roboto_300,300i,400,400i,700,700i"},{"group":"Roboto","label":"Roboto Bold","value":"Google_Roboto_700,700i,300,300i,400,400i"},{"group":"Lato","label":"Lato","value":"Google_Lato_400,400i,300,300i,700,700i"},{"group":"Lato","label":"Lato Light","value":"Google_Lato_300,300i,400,400i,700,700i"},{"group":"Lato","label":"Lato Bold","value":"Google_Lato_700,700i,300,300i,400,400i"},{"group":"Source Sans Pro","label":"Source Sans Pro (All Weights)","value":"Google_Source+Sans+Pro_400,400i,600,600i,700,700i,900,900i,200,200i,300,300i"},{"group":"Source Sans Pro","label":"Source Sans Pro Normal","value":"Google_Source+Sans+Pro_400,400i"},{"group":"Source Sans Pro","label":"Source Sans Pro Light","value":"Google_Source+Sans+Pro_300,300i"},{"group":"Source Sans Pro","label":"Source Sans Pro SemiBold","value":"Google_Source+Sans+Pro_600,600i"},{"group":"Source Sans Pro","label":"Source Sans Pro Bold","value":"Google_Source+Sans+Pro_700,700i"},{"group":"Caveat","label":"Caveat","value":"Google_Caveat_400,700"},{"group":"Caveat","label":"Caveat Bold","value":"Google_Caveat_700,400"},{"group":"Libre Baskerville","label":"Libre Baskerville","value":"Google_Libre+Baskerville_400,400i"},{"group":"Montserrat","label":"Montserrat","value":"Google_Montserrat_400"}]},{"type":"select","label":"Font size","id":"fontSize-root","options":[{"value":10,"label":"10px"},{"value":11,"label":"11px"},{"value":12,"label":"12px"},{"value":13,"label":"13px"},{"value":14,"label":"14px"},{"value":15,"label":"15px"},{"value":16,"label":"16px"},{"value":18,"label":"18px"},{"value":20,"label":"20px"},{"value":22,"label":"22px"},{"value":24,"label":"24px"},{"value":26,"label":"26px"},{"value":30,"label":"30px"},{"value":32,"label":"32px"},{"value":34,"label":"34px"},{"value":36,"label":"36px"}]},{"type":"heading","content":"Headings"},{"type":"font","label":"Font family","id":"headings-font","options":[{"group":"Karla","label":"Karla","value":"Google_Karla_400"},{"group":"Roboto","label":"Roboto","value":"Google_Roboto_400,400i,300,300i,700,700i"},{"group":"Roboto","label":"Roboto Light","value":"Google_Roboto_300,300i,400,400i,700,700i"},{"group":"Roboto","label":"Roboto Bold","value":"Google_Roboto_700,700i,300,300i,400,400i"},{"group":"Lato","label":"Lato","value":"Google_Lato_400,400i,300,300i,700,700i"},{"group":"Lato","label":"Lato Light","value":"Google_Lato_300,300i,400,400i,700,700i"},{"group":"Lato","label":"Lato Bold","value":"Google_Lato_700,700i,300,300i,400,400i"},{"group":"Source Sans Pro","label":"Source Sans Pro (All Weights)","value":"Google_Source+Sans+Pro_400,400i,600,600i,700,700i,900,900i,200,200i,300,300i"},{"group":"Source Sans Pro","label":"Source Sans Pro Normal","value":"Google_Source+Sans+Pro_400,400i"},{"group":"Source Sans Pro","label":"Source Sans Pro Light","value":"Google_Source+Sans+Pro_300,300i"},{"group":"Source Sans Pro","label":"Source Sans Pro SemiBold","value":"Google_Source+Sans+Pro_600,600i"},{"group":"Source Sans Pro","label":"Source Sans Pro Bold","value":"Google_Source+Sans+Pro_700,700i"},{"group":"Caveat","label":"Caveat","value":"Google_Caveat_400,700"},{"group":"Caveat","label":"Caveat Bold","value":"Google_Caveat_700,400"},{"group":"Libre Baskerville","label":"Libre Baskerville","value":"Google_Libre+Baskerville_400,400i"},{"group":"Montserrat","label":"Montserrat","value":"Google_Montserrat_400"}]},{"type":"font","label":"Alternative Font family","id":"altHeadings-font","options":[{"group":"Karla","label":"Karla","value":"Google_Karla_400"},{"group":"Roboto","label":"Roboto","value":"Google_Roboto_400,400i,300,300i,700,700i"},{"group":"Roboto","label":"Roboto Light","value":"Google_Roboto_300,300i,400,400i,700,700i"},{"group":"Roboto","label":"Roboto Bold","value":"Google_Roboto_700,700i,300,300i,400,400i"},{"group":"Lato","label":"Lato","value":"Google_Lato_400,400i,300,300i,700,700i"},{"group":"Lato","label":"Lato Light","value":"Google_Lato_300,300i,400,400i,700,700i"},{"group":"Lato","label":"Lato Bold","value":"Google_Lato_700,700i,300,300i,400,400i"},{"group":"Source Sans Pro","label":"Source Sans Pro (All Weights)","value":"Google_Source+Sans+Pro_400,400i,600,600i,700,700i,900,900i,200,200i,300,300i"},{"group":"Source Sans Pro","label":"Source Sans Pro Normal","value":"Google_Source+Sans+Pro_400,400i"},{"group":"Source Sans Pro","label":"Source Sans Pro Light","value":"Google_Source+Sans+Pro_300,300i"},{"group":"Source Sans Pro","label":"Source Sans Pro SemiBold","value":"Google_Source+Sans+Pro_600,600i"},{"group":"Source Sans Pro","label":"Source Sans Pro Bold","value":"Google_Source+Sans+Pro_700,700i"},{"group":"Caveat","label":"Caveat","value":"Google_Caveat_400,700"},{"group":"Caveat","label":"Caveat Bold","value":"Google_Caveat_700,400"},{"group":"Libre Baskerville","label":"Libre Baskerville","value":"Google_Libre+Baskerville_400,400i"},{"group":"Montserrat","label":"Montserrat","value":"Google_Montserrat_400"}]},{"type":"select","label":"Font size <h1>","id":"fontSize-h1","options":[{"value":10,"label":"10px"},{"value":11,"label":"11px"},{"value":12,"label":"12px"},{"value":13,"label":"13px"},{"value":14,"label":"14px"},{"value":15,"label":"15px"},{"value":16,"label":"16px"},{"value":18,"label":"18px"},{"value":20,"label":"20px"},{"value":22,"label":"22px"},{"value":24,"label":"24px"},{"value":26,"label":"26px"},{"value":30,"label":"30px"},{"value":32,"label":"32px"},{"value":34,"label":"34px"},{"value":36,"label":"36px"}]},{"type":"select","label":"Font size <h2>","id":"fontSize-h2","options":[{"value":10,"label":"10px"},{"value":11,"label":"11px"},{"value":12,"label":"12px"},{"value":13,"label":"13px"},{"value":14,"label":"14px"},{"value":15,"label":"15px"},{"value":16,"label":"16px"},{"value":18,"label":"18px"},{"value":20,"label":"20px"},{"value":22,"label":"22px"},{"value":24,"label":"24px"},{"value":26,"label":"26px"},{"value":30,"label":"30px"},{"value":32,"label":"32px"},{"value":34,"label":"34px"},{"value":36,"label":"36px"}]},{"type":"select","label":"Font size <h3>","id":"fontSize-h3","options":[{"value":10,"label":"10px"},{"value":11,"label":"11px"},{"value":12,"label":"12px"},{"value":13,"label":"13px"},{"value":14,"label":"14px"},{"value":15,"label":"15px"},{"value":16,"label":"16px"},{"value":18,"label":"18px"},{"value":20,"label":"20px"},{"value":22,"label":"22px"},{"value":24,"label":"24px"},{"value":26,"label":"26px"},{"value":30,"label":"30px"},{"value":32,"label":"32px"},{"value":34,"label":"34px"},{"value":36,"label":"36px"}]},{"type":"select","label":"Font size <h4>","id":"fontSize-h4","options":[{"value":10,"label":"10px"},{"value":11,"label":"11px"},{"value":12,"label":"12px"},{"value":13,"label":"13px"},{"value":14,"label":"14px"},{"value":15,"label":"15px"},{"value":16,"label":"16px"},{"value":18,"label":"18px"},{"value":20,"label":"20px"},{"value":22,"label":"22px"},{"value":24,"label":"24px"},{"value":26,"label":"26px"},{"value":30,"label":"30px"},{"value":32,"label":"32px"},{"value":34,"label":"34px"},{"value":36,"label":"36px"}]},{"type":"select","label":"Font size <h5>","id":"fontSize-h5","options":[{"value":10,"label":"10px"},{"value":11,"label":"11px"},{"value":12,"label":"12px"},{"value":13,"label":"13px"},{"value":14,"label":"14px"},{"value":15,"label":"15px"},{"value":16,"label":"16px"},{"value":18,"label":"18px"},{"value":20,"label":"20px"},{"value":22,"label":"22px"},{"value":24,"label":"24px"},{"value":26,"label":"26px"},{"value":30,"label":"30px"},{"value":32,"label":"32px"},{"value":34,"label":"34px"},{"value":36,"label":"36px"}]},{"type":"select","label":"Font size <h6>","id":"fontSize-h6","options":[{"value":10,"label":"10px"},{"value":11,"label":"11px"},{"value":12,"label":"12px"},{"value":13,"label":"13px"},{"value":14,"label":"14px"},{"value":15,"label":"15px"},{"value":16,"label":"16px"},{"value":18,"label":"18px"},{"value":20,"label":"20px"},{"value":22,"label":"22px"},{"value":24,"label":"24px"},{"value":26,"label":"26px"},{"value":30,"label":"30px"},{"value":32,"label":"32px"},{"value":34,"label":"34px"},{"value":36,"label":"36px"}]},{"type":"heading","content":"Text colors"},{"type":"color","label":"Text color","id":"color-textBase"},{"type":"color","label":"Text hover color","id":"color-textBase--hover"},{"type":"color","label":"Secondary text color","id":"color-textSecondary"},{"type":"color","label":"Secondary text hover color","id":"color-textSecondary--hover"},{"type":"color","label":"Headings text color","id":"color-textHeading"},{"type":"heading","content":"Link colors"},{"type":"color","label":"Link color","id":"color-textLink"},{"type":"color","label":"Link hover color","id":"color-textLink--hover"},{"type":"color","label":"Link active color","id":"color-textLink--active"},{"type":"heading","content":"Icon colors"},{"type":"color","label":"Icon color","id":"icon-color"},{"type":"color","label":"Icon hover color","id":"icon-color-hover"},{"type":"color","label":"Rating empty icon color","id":"icon-ratingEmpty"},{"type":"color","label":"Rating full icon color","id":"icon-ratingFull"},{"type":"color","label":"Button icon color","id":"button--icon-svg-color"}]},{"name":"Buttons","settings":[{"type":"heading","content":"Primary button"},{"type":"color","label":"Text color","id":"button--primary-color"},{"type":"color","label":"Text hover color","id":"button--primary-colorHover"},{"type":"color","label":"Text active color","id":"button--primary-colorActive"},{"type":"color","label":"Background color","id":"button--primary-backgroundColor"},{"type":"color","label":"Background hover color","id":"button--primary-backgroundColorHover"},{"type":"color","label":"Background active color","id":"button--primary-backgroundColorActive"},{"type":"heading","content":"Default button"},{"type":"color","label":"Text color","id":"button--default-color"},{"type":"color","label":"Text hover color","id":"button--default-colorHover"},{"type":"color","label":"Text active color","id":"button--default-colorActive"},{"type":"color","label":"Border color","id":"button--default-borderColor"},{"type":"color","label":"Border hover color","id":"button--default-borderColorHover"},{"type":"color","label":"Border active color","id":"button--default-borderColorActive"},{"type":"heading","content":"Disabled button"},{"type":"color","label":"Text color","id":"button--disabled-color"},{"type":"color","label":"Background color","id":"button--disabled-backgroundColor"},{"type":"color","label":"Border color","id":"button--disabled-borderColor"},{"type":"heading","content":"Apple Pay"},{"type":"select","label":"Button Color","id":"applePay-button","options":[{"value":"black","label":"Black (white text)"},{"value":"white","label":"White (black text)"},{"value":"white-border","label":"White (black text with border)"}]}]},{"name":"Forms","settings":[{"type":"heading","content":"Labels"},{"type":"color","label":"Text color","id":"form-label-font-color"},{"type":"heading","content":"Input fields"},{"type":"color","label":"Text color","id":"input-font-color"},{"type":"color","label":"Background color","id":"input-bg-color"},{"type":"color","label":"Border color","id":"input-border-color"},{"type":"color","label":"Border active color","id":"input-border-color-active"},{"type":"color","label":"Disabled background color","id":"input-disabled-bg"},{"type":"heading","content":"Select boxes"},{"type":"color","label":"Background color","id":"select-bg-color"},{"type":"color","label":"Arrow icon color","id":"select-arrow-color"},{"type":"heading","content":"Checkbox & Radio button"},{"type":"color","label":"Icon color","id":"checkRadio-color"},{"type":"color","label":"Background color","id":"checkRadio-backgroundColor"},{"type":"color","label":"Border color","id":"checkRadio-borderColor"}]},{"name":"Top Banner","settings":[{"type":"color","label":"Text color","id":"topBanner-color"},{"type":"color","label":"Background color","id":"topBanner-backgroundColor"}]},{"name":"Header","settings":[{"type":"color","label":"Store name text color","id":"storeName-color"},{"type":"color","label":"Background color","id":"header-backgroundColor"},{"type":"heading","content":"User navigation"},{"type":"color","label":"Text color","id":"navUser-color"},{"type":"color","label":"Text hover color","id":"navUser-color-hover"},{"type":"color","label":"Dropdown background color","id":"navUser-dropdown-backgroundColor"},{"type":"color","label":"Dropdown border color","id":"navUser-dropdown-borderColor"},{"type":"color","label":"Cart counter background color","id":"navUser-indicator-backgroundColor"},{"type":"heading","content":"Page navigation"},{"type":"checkbox","label":"Hide Content Pages in Main Menu","force_reload":true,"id":"hide_content_navigation"},{"type":"color","label":"Text color","id":"navPages-color"},{"type":"color","label":"Text hover color","id":"navPages-color-hover"},{"type":"color","label":"Root menu background color","id":"navPages-rootMenu-backgroundColor"},{"type":"color","label":"Dropdown background color","id":"navPages-subMenu-backgroundColor"},{"type":"color","label":"Dropdown border color","id":"navPages-subMenu-separatorColor"},{"type":"heading","content":"Quick search"},{"type":"color","label":"Background color","id":"dropdown--quickSearch-backgroundColor"}]},{"name":"Logo","settings":[{"type":"imageDimension","label":"Logo size","id":"logo_size","description":"Please specify a maximum image size for desktop display. We'll automatically scale down the image for smaller devices.","force_reload":true,"options":[{"value":"original","label":"Original (as uploaded)"},{"value":"250x100","label":"Optimized for theme"},{"value":"custom","label":"Specify dimensions"}]},{"type":"select","label":"Logo position","id":"logo-position","force_reload":true,"options":[{"value":"right","label":"Right"},{"value":"center","label":"Center"},{"value":"left","label":"Left"}]}]},{"name":"Carousel","settings":[{"type":"checkbox","label":"Show Carousel","force_reload":true,"id":"homepage_show_carousel"},{"type":"checkbox","label":"Allows image to stretch on large screens","force_reload":true,"id":"homepage_stretch_carousel_images"},{"type":"color","label":"Background color","id":"carousel-bgColor"},{"type":"select","label":"Background color opacity","id":"carousel-bgColor-opacity","options":[{"value":0,"label":"transparent"},{"value":0.1,"label":"0.1"},{"value":0.2,"label":"0.2"},{"value":0.3,"label":"0.3"},{"value":0.4,"label":"0.4"},{"value":0.5,"label":"0.5"},{"value":0.6,"label":"0.6"},{"value":0.7,"label":"0.7"},{"value":0.8,"label":"0.8"},{"value":0.9,"label":"0.9"},{"value":1,"label":"solid"}]},{"type":"color","label":"Title color","id":"carousel-title-color"},{"type":"color","label":"Description color","id":"carousel-description-color"},{"type":"color","label":"Indicator color","id":"carousel-dot-color"},{"type":"color","label":"Indicator active color","id":"carousel-dot-color-active"},{"type":"color","label":"Indicator background color","id":"carousel-dot-bgColor"},{"type":"color","label":"Arrow color","id":"carousel-arrow-color"},{"type":"color","label":"Arrow background color","id":"carousel-arrow-bgColor"},{"type":"select","label":"Slide 1 description position","id":"carousel-slide1-position","options":[{"value":"left","label":"Left"},{"value":"center","label":"Center"},{"value":"right","label":"Right"}]},{"type":"select","label":"Slide 2 description position","id":"carousel-slide2-position","options":[{"value":"left","label":"Left"},{"value":"center","label":"Center"},{"value":"right","label":"Right"}]},{"type":"select","label":"Slide 3 description position","id":"carousel-slide3-position","options":[{"value":"left","label":"Left"},{"value":"center","label":"Center"},{"value":"right","label":"Right"}]},{"type":"select","label":"Slide 4 description position","id":"carousel-slide4-position","options":[{"value":"left","label":"Left"},{"value":"center","label":"Center"},{"value":"right","label":"Right"}]},{"type":"select","label":"Slide 5 description position","id":"carousel-slide5-position","options":[{"value":"left","label":"Left"},{"value":"center","label":"Center"},{"value":"right","label":"Right"}]},{"type":"select","label":"Slide 6 description position","id":"carousel-slide6-position","options":[{"value":"left","label":"Left"},{"value":"center","label":"Center"},{"value":"right","label":"Right"}]}]},{"name":"Payment Icons","settings":[{"type":"checkbox","label":"American Express","force_reload":true,"id":"show_accept_amex"},{"type":"checkbox","label":"Discover","force_reload":true,"id":"show_accept_discover"},{"type":"checkbox","label":"Mastercard","force_reload":true,"id":"show_accept_mastercard"},{"type":"checkbox","label":"Paypal","force_reload":true,"id":"show_accept_paypal"},{"type":"checkbox","label":"Visa","force_reload":true,"id":"show_accept_visa"}]},{"name":"Social Media Icons","settings":[{"type":"heading","content":"Placement"},{"type":"paragraph","content":"Social accounts must be set up to use this feature."},{"type":"checkbox","label":"Top Right (Toggle On/Off)","force_reload":true,"id":"social_icon_placement_top"},{"type":"select","label":"Bottom Placement","id":"social_icon_placement_bottom","force_reload":true,"options":[{"value":"bottom_none","label":"None"},{"value":"bottom_right","label":"Right"},{"value":"bottom_left","label":"Left"}]}]},{"name":"Products","settings":[{"type":"checkbox","label":"Show Quickview","force_reload":true,"id":"show_product_quick_view"},{"type":"heading","content":"Product page"},{"type":"select","label":"Number of Product Reviews","id":"productpage_reviews_count","force_reload":true,"options":[{"value":0,"label":"Disable"},{"value":1,"label":"1"},{"value":2,"label":"2"},{"value":3,"label":"3"},{"value":4,"label":"4"},{"value":5,"label":"5"},{"value":6,"label":"6"},{"value":7,"label":"7"},{"value":8,"label":"8"},{"value":9,"label":"9"},{"value":10,"label":"10"},{"value":11,"label":"11"},{"value":12,"label":"12"}]},{"type":"select","label":"Number of Related Products","id":"productpage_related_products_count","force_reload":true,"options":[{"value":0,"label":"Disable"},{"value":1,"label":"1"},{"value":2,"label":"2"},{"value":3,"label":"3"},{"value":4,"label":"4"},{"value":5,"label":"5"},{"value":6,"label":"6"},{"value":7,"label":"7"},{"value":8,"label":"8"},{"value":9,"label":"9"},{"value":10,"label":"10"},{"value":11,"label":"11"},{"value":12,"label":"12"}]},{"type":"select","label":"Number of Customers Also Viewed Products","id":"productpage_similar_by_views_count","force_reload":true,"options":[{"value":0,"label":"Disable"},{"value":1,"label":"1"},{"value":2,"label":"2"},{"value":3,"label":"3"},{"value":4,"label":"4"},{"value":5,"label":"5"},{"value":6,"label":"6"},{"value":7,"label":"7"},{"value":8,"label":"8"},{"value":9,"label":"9"},{"value":10,"label":"10"},{"value":11,"label":"11"},{"value":12,"label":"12"}]},{"label":"Product Swatch Image Sizes","type":"imageDimension","id":"swatch_option_size","force_reload":true,"options":[{"value":"22x22","label":"Standard"},{"value":"custom","label":"Specify dimensions"}]},{"type":"paragraph","content":"*For texture swatches, max dimensions are 150x150."},{"type":"heading","content":"Category pages"},{"type":"select","label":"Number of products per page","id":"categorypage_products_per_page","force_reload":true,"options":[{"value":0,"label":"Disable"},{"value":2,"label":"2"},{"value":3,"label":"3"},{"value":4,"label":"4"},{"value":5,"label":"5"},{"value":6,"label":"6"},{"value":7,"label":"7"},{"value":8,"label":"8"},{"value":9,"label":"9"},{"value":10,"label":"10"},{"value":11,"label":"11"},{"value":12,"label":"12"},{"value":15,"label":"15"},{"value":16,"label":"16"},{"value":18,"label":"18"},{"value":20,"label":"20"}]},{"type":"select","label":"Number of Related Products","id":"productpage_related_products_count","force_reload":true,"options":[{"value":0,"label":"Disable"},{"value":1,"label":"1"},{"value":2,"label":"2"},{"value":3,"label":"3"},{"value":4,"label":"4"},{"value":5,"label":"5"},{"value":6,"label":"6"},{"value":7,"label":"7"},{"value":8,"label":"8"},{"value":9,"label":"9"},{"value":10,"label":"10"},{"value":11,"label":"11"},{"value":12,"label":"12"}]},{"type":"select","label":"Number of Customers Also Viewed Products","id":"productpage_similar_by_views_count","force_reload":true,"options":[{"value":0,"label":"Disable"},{"value":1,"label":"1"},{"value":2,"label":"2"},{"value":3,"label":"3"},{"value":4,"label":"4"},{"value":5,"label":"5"},{"value":6,"label":"6"},{"value":7,"label":"7"},{"value":8,"label":"8"},{"value":9,"label":"9"},{"value":10,"label":"10"},{"value":11,"label":"11"},{"value":12,"label":"12"}]},{"label":"Product Swatch Image Sizes","type":"imageDimension","id":"swatch_option_size","force_reload":true,"options":[{"value":"22x22","label":"Standard"},{"value":"custom","label":"Specify dimensions"}]},{"type":"paragraph","content":"*For texture swatches, max dimensions are 150x150."},{"type":"heading","content":"Category pages"},{"type":"select","label":"Number of products per page","id":"categorypage_products_per_page","force_reload":true,"options":[{"value":6,"label":"6"},{"value":8,"label":"8"},{"value":9,"label":"9"},{"value":12,"label":"12"},{"value":15,"label":"15"},{"value":16,"label":"16"},{"value":18,"label":"18"},{"value":20,"label":"20"}]},{"type":"heading","content":"Brand pages"},{"type":"select","label":"Number of products per page","id":"brandpage_products_per_page","force_reload":true,"options":[{"value":6,"label":"6"},{"value":8,"label":"8"},{"value":9,"label":"9"},{"value":12,"label":"12"},{"value":15,"label":"15"},{"value":16,"label":"16"},{"value":18,"label":"18"},{"value":20,"label":"20"}]},{"type":"heading","content":"Search results"},{"type":"select","label":"Number of products per page","id":"searchpage_products_per_page","force_reload":true,"options":[{"value":6,"label":"6"},{"value":8,"label":"8"},{"value":9,"label":"9"},{"value":12,"label":"12"},{"value":15,"label":"15"},{"value":16,"label":"16"},{"value":18,"label":"18"},{"value":20,"label":"20"}]},{"type":"heading","content":"Product cards"},{"type":"color","label":"Product title color","id":"card-title-color"},{"type":"color","label":"Product title hover color","id":"card-title-color-hover"},{"type":"color","label":"Button text color","id":"card-figcaption-button-color"},{"type":"color","label":"Button background color","id":"card-figcaption-button-background"},{"type":"color","label":"Button border color","id":"card-figcaption-button-borderColor"},{"type":"heading","content":"Product Sale Badges"},{"type":"select","label":"Display Product Sale Badges","id":"product_sale_badges","force_reload":true,"options":[{"value":"none","label":"None"},{"value":"topleft","label":"Top Left"},{"value":"sash","label":"Diagonal"},{"value":"burst","label":"Burst"}]},{"type":"color","label":"Text Color","id":"color_text_product_sale_badges"},{"type":"color","label":"Badge Color","id":"color_badge_product_sale_badges"},{"type":"color","label":"Hover Badge Color (Excludes 'Burst')","id":"color_hover_product_sale_badges"},{"type":"heading","content":"Product cards (Quick search)"},{"type":"color","label":"Background color","id":"card--alternate-backgroundColor"},{"type":"color","label":"Border color","id":"card--alternate-borderColor"},{"type":"color","label":"Text hover color","id":"card--alternate-color--hover"},{"type":"heading","content":"Image sizes"},{"type":"paragraph","content":"Please specify a maximum image size for desktop display. We'll automatically scale down the image for smaller devices."},{"type":"imageDimension","label":"Main product images","id":"product_size","force_reload":true,"options":[{"value":"500x659","label":"Optimized for theme"},{"value":"custom","label":"Specify dimensions"}]},{"type":"imageDimension","label":"Thumbnail image","id":"productthumb_size","force_reload":true,"options":[{"value":"100x100","label":"Optimized for theme"},{"value":"custom","label":"Specify dimensions"}]},{"type":"imageDimension","label":"Zoomed image","id":"zoom_size","force_reload":true,"options":[{"value":"1280x1280","label":"Optimized for theme"},{"value":"custom","label":"Specify dimensions"}]},{"type":"imageDimension","label":"Image in gallery view","id":"productgallery_size","force_reload":true,"options":[{"value":"500x659","label":"Optimized for theme"},{"value":"custom","label":"Specify dimensions"}]},{"type":"imageDimension","label":"Brand image in gallery view","id":"brand_size","force_reload":true,"options":[{"value":"190x250","label":"Optimized for theme"},{"value":"custom","label":"Specify dimensions"}]}]},{"name":"Blog","settings":[{"type":"imageDimension","label":"Blog image size","id":"blog_size","force_reload":true,"options":[{"value":"190x250","label":"Optimized for theme"},{"value":"custom","label":"Specify dimensions"}]}]},{"name":"Optimized Checkout","enable":"ucoEnabled","settings":[{"type":"heading","content":"Header"},{"type":"color","label":"Background color","id":"optimizedCheckout-header-backgroundColor"},{"type":"checkbox","label":"Use custom background","id":"optimizedCheckout-show-backgroundImage"},{"type":"optimizedCheckout-image","label":"1000 x 400px recommended","reference":"optimizedCheckout-show-backgroundImage","reference_default":false,"id":"optimizedCheckout-backgroundImage"},{"type":"imageDimension","description":"Please specify a maximum image size for desktop display. We'll automatically scale down the image for smaller devices.","label":"","reference":"optimizedCheckout-show-backgroundImage","reference_default":false,"id":"optimizedCheckout-backgroundImage-size","options":[{"value":"1000x400","label":"Optimized for theme"},{"value":"custom","label":"Specify dimensions"}]},{"type":"heading","content":"Logo"},{"type":"select","label":"Use custom logo","id":"optimizedCheckout-show-logo","options":[{"value":"none","label":"None"},{"value":"custom","label":"Custom"}]},{"type":"optimizedCheckout-image","label":"250 x 100px recommended","reference":"optimizedCheckout-show-logo","reference_default":"none","force_reload":true,"id":"optimizedCheckout-logo"},{"type":"imageDimension","description":"Please specify a maximum image size for desktop display. We'll automatically scale down the image for smaller devices.","label":"","reference":"optimizedCheckout-show-logo","reference_default":"none","id":"optimizedCheckout-logo-size","force_reload":true,"options":[{"value":"250x100","label":"Optimized for theme"},{"value":"custom","label":"Specify dimensions"}]},{"type":"select","label":"Position","id":"optimizedCheckout-logo-position","options":[{"value":"left","label":"Left"},{"value":"center","label":"Center"},{"value":"right","label":"Right"}]},{"type":"heading","content":"Order summary"},{"type":"color","label":"Background color","id":"optimizedCheckout-orderSummary-backgroundColor"},{"type":"heading","content":"Checkout steps"},{"type":"color","label":"Background color","id":"optimizedCheckout-step-backgroundColor"},{"type":"color","label":"Text color","id":"optimizedCheckout-step-text"},{"type":"heading","content":"Primary headings"},{"type":"color","label":"Text color","id":"optimizedCheckout-headingPrimary-color"},{"type":"font","label":"Font family","id":"optimizedCheckout-headingPrimary-font","options":[{"group":"Karla","label":"Karla","value":"Google_Karla_400"},{"group":"Roboto","label":"Roboto","value":"Google_Roboto_400,400i,300,300i,700,700i"},{"group":"Roboto","label":"Roboto Light","value":"Google_Roboto_300,300i,400,400i,700,700i"},{"group":"Roboto","label":"Roboto Bold","value":"Google_Roboto_700,700i,300,300i,400,400i"},{"group":"Lato","label":"Lato","value":"Google_Lato_400,400i,300,300i,700,700i"},{"group":"Lato","label":"Lato Light","value":"Google_Lato_300,300i,400,400i,700,700i"},{"group":"Lato","label":"Lato Bold","value":"Google_Lato_700,700i,300,300i,400,400i"},{"group":"Source Sans Pro","label":"Source Sans Pro (All Weights)","value":"Google_Source+Sans+Pro_400,400i,600,600i,700,700i,900,900i,200,200i,300,300i"},{"group":"Source Sans Pro","label":"Source Sans Pro Normal","value":"Google_Source+Sans+Pro_400,400i"},{"group":"Source Sans Pro","label":"Source Sans Pro Light","value":"Google_Source+Sans+Pro_300,300i"},{"group":"Source Sans Pro","label":"Source Sans Pro SemiBold","value":"Google_Source+Sans+Pro_600,600i"},{"group":"Source Sans Pro","label":"Source Sans Pro Bold","value":"Google_Source+Sans+Pro_700,700i"},{"group":"Caveat","label":"Caveat","value":"Google_Caveat_400,700"},{"group":"Caveat","label":"Caveat Bold","value":"Google_Caveat_700,400"},{"group":"Libre Baskerville","label":"Libre Baskerville","value":"Google_Libre+Baskerville_400,400i"},{"group":"Montserrat","label":"Montserrat","value":"Google_Montserrat_400"}]},{"type":"heading","content":"Secondary headings"},{"type":"color","label":"Text color","id":"optimizedCheckout-headingSecondary-color"},{"type":"font","label":"Font family","id":"optimizedCheckout-headingSecondary-font","options":[{"group":"Karla","label":"Karla","value":"Google_Karla_400"},{"group":"Roboto","label":"Roboto","value":"Google_Roboto_400,400i,300,300i,700,700i"},{"group":"Roboto","label":"Roboto Light","value":"Google_Roboto_300,300i,400,400i,700,700i"},{"group":"Roboto","label":"Roboto Bold","value":"Google_Roboto_700,700i,300,300i,400,400i"},{"group":"Lato","label":"Lato","value":"Google_Lato_400,400i,300,300i,700,700i"},{"group":"Lato","label":"Lato Light","value":"Google_Lato_300,300i,400,400i,700,700i"},{"group":"Lato","label":"Lato Bold","value":"Google_Lato_700,700i,300,300i,400,400i"},{"group":"Source Sans Pro","label":"Source Sans Pro (All Weights)","value":"Google_Source+Sans+Pro_400,400i,600,600i,700,700i,900,900i,200,200i,300,300i"},{"group":"Source Sans Pro","label":"Source Sans Pro Normal","value":"Google_Source+Sans+Pro_400,400i"},{"group":"Source Sans Pro","label":"Source Sans Pro Light","value":"Google_Source+Sans+Pro_300,300i"},{"group":"Source Sans Pro","label":"Source Sans Pro SemiBold","value":"Google_Source+Sans+Pro_600,600i"},{"group":"Source Sans Pro","label":"Source Sans Pro Bold","value":"Google_Source+Sans+Pro_700,700i"},{"group":"Caveat","label":"Caveat","value":"Google_Caveat_400,700"},{"group":"Caveat","label":"Caveat Bold","value":"Google_Caveat_700,400"},{"group":"Libre Baskerville","label":"Libre Baskerville","value":"Google_Libre+Baskerville_400,400i"},{"group":"Montserrat","label":"Montserrat","value":"Google_Montserrat_400"}]},{"type":"heading","content":"Body"},{"type":"color","label":"Background color","id":"optimizedCheckout-body-backgroundColor"},{"type":"heading","content":"Primary content"},{"type":"color","label":"Text color","id":"optimizedCheckout-contentPrimary-color"},{"type":"font","label":"Font family","id":"optimizedCheckout-contentPrimary-font","options":[{"group":"Karla","label":"Karla","value":"Google_Karla_400"},{"group":"Roboto","label":"Roboto","value":"Google_Roboto_400,400i,300,300i,700,700i"},{"group":"Roboto","label":"Roboto Light","value":"Google_Roboto_300,300i,400,400i,700,700i"},{"group":"Roboto","label":"Roboto Bold","value":"Google_Roboto_700,700i,300,300i,400,400i"},{"group":"Lato","label":"Lato","value":"Google_Lato_400,400i,300,300i,700,700i"},{"group":"Lato","label":"Lato Light","value":"Google_Lato_300,300i,400,400i,700,700i"},{"group":"Lato","label":"Lato Bold","value":"Google_Lato_700,700i,300,300i,400,400i"},{"group":"Source Sans Pro","label":"Source Sans Pro (All Weights)","value":"Google_Source+Sans+Pro_400,400i,600,600i,700,700i,900,900i,200,200i,300,300i"},{"group":"Source Sans Pro","label":"Source Sans Pro Normal","value":"Google_Source+Sans+Pro_400,400i"},{"group":"Source Sans Pro","label":"Source Sans Pro Light","value":"Google_Source+Sans+Pro_300,300i"},{"group":"Source Sans Pro","label":"Source Sans Pro SemiBold","value":"Google_Source+Sans+Pro_600,600i"},{"group":"Source Sans Pro","label":"Source Sans Pro Bold","value":"Google_Source+Sans+Pro_700,700i"},{"group":"Caveat","label":"Caveat","value":"Google_Caveat_400,700"},{"group":"Caveat","label":"Caveat Bold","value":"Google_Caveat_700,400"},{"group":"Libre Baskerville","label":"Libre Baskerville","value":"Google_Libre+Baskerville_400,400i"},{"group":"Montserrat","label":"Montserrat","value":"Google_Montserrat_400"}]},{"type":"heading","content":"Secondary content"},{"type":"color","label":"Text color","id":"optimizedCheckout-contentSecondary-color"},{"type":"font","label":"Font family","id":"optimizedCheckout-contentSecondary-font","options":[{"group":"Karla","label":"Karla","value":"Google_Karla_400"},{"group":"Roboto","label":"Roboto","value":"Google_Roboto_400,400i,300,300i,700,700i"},{"group":"Roboto","label":"Roboto Light","value":"Google_Roboto_300,300i,400,400i,700,700i"},{"group":"Roboto","label":"Roboto Bold","value":"Google_Roboto_700,700i,300,300i,400,400i"},{"group":"Lato","label":"Lato","value":"Google_Lato_400,400i,300,300i,700,700i"},{"group":"Lato","label":"Lato Light","value":"Google_Lato_300,300i,400,400i,700,700i"},{"group":"Lato","label":"Lato Bold","value":"Google_Lato_700,700i,300,300i,400,400i"},{"group":"Source Sans Pro","label":"Source Sans Pro (All Weights)","value":"Google_Source+Sans+Pro_400,400i,600,600i,700,700i,900,900i,200,200i,300,300i"},{"group":"Source Sans Pro","label":"Source Sans Pro Normal","value":"Google_Source+Sans+Pro_400,400i"},{"group":"Source Sans Pro","label":"Source Sans Pro Light","value":"Google_Source+Sans+Pro_300,300i"},{"group":"Source Sans Pro","label":"Source Sans Pro SemiBold","value":"Google_Source+Sans+Pro_600,600i"},{"group":"Source Sans Pro","label":"Source Sans Pro Bold","value":"Google_Source+Sans+Pro_700,700i"},{"group":"Caveat","label":"Caveat","value":"Google_Caveat_400,700"},{"group":"Caveat","label":"Caveat Bold","value":"Google_Caveat_700,400"},{"group":"Libre Baskerville","label":"Libre Baskerville","value":"Google_Libre+Baskerville_400,400i"},{"group":"Montserrat","label":"Montserrat","value":"Google_Montserrat_400"}]},{"type":"heading","content":"Links"},{"type":"color","label":"Text Color","id":"optimizedCheckout-link-color"},{"type":"font","label":"Font family","id":"optimizedCheckout-link-font","options":[{"group":"Karla","label":"Karla","value":"Google_Karla_400"},{"group":"Roboto","label":"Roboto","value":"Google_Roboto_400,400i,300,300i,700,700i"},{"group":"Roboto","label":"Roboto Light","value":"Google_Roboto_300,300i,400,400i,700,700i"},{"group":"Roboto","label":"Roboto Bold","value":"Google_Roboto_700,700i,300,300i,400,400i"},{"group":"Lato","label":"Lato","value":"Google_Lato_400,400i,300,300i,700,700i"},{"group":"Lato","label":"Lato Light","value":"Google_Lato_300,300i,400,400i,700,700i"},{"group":"Lato","label":"Lato Bold","value":"Google_Lato_700,700i,300,300i,400,400i"},{"group":"Source Sans Pro","label":"Source Sans Pro (All Weights)","value":"Google_Source+Sans+Pro_400,400i,600,600i,700,700i,900,900i,200,200i,300,300i"},{"group":"Source Sans Pro","label":"Source Sans Pro Normal","value":"Google_Source+Sans+Pro_400,400i"},{"group":"Source Sans Pro","label":"Source Sans Pro Light","value":"Google_Source+Sans+Pro_300,300i"},{"group":"Source Sans Pro","label":"Source Sans Pro SemiBold","value":"Google_Source+Sans+Pro_600,600i"},{"group":"Source Sans Pro","label":"Source Sans Pro Bold","value":"Google_Source+Sans+Pro_700,700i"},{"group":"Caveat","label":"Caveat","value":"Google_Caveat_400,700"},{"group":"Caveat","label":"Caveat Bold","value":"Google_Caveat_700,400"},{"group":"Libre Baskerville","label":"Libre Baskerville","value":"Google_Libre+Baskerville_400,400i"},{"group":"Montserrat","label":"Montserrat","value":"Google_Montserrat_400"}]},{"type":"heading","content":"Primary button"},{"type":"color","label":"Text color","id":"optimizedCheckout-buttonPrimary-color"},{"type":"color","label":"Text hover color","id":"optimizedCheckout-buttonPrimary-colorHover"},{"type":"color","label":"Text active color","id":"optimizedCheckout-buttonPrimary-colorActive"},{"type":"color","label":"Background color","id":"optimizedCheckout-buttonPrimary-backgroundColor"},{"type":"color","label":"Background hover color","id":"optimizedCheckout-buttonPrimary-backgroundColorHover"},{"type":"color","label":"Background active color","id":"optimizedCheckout-buttonPrimary-backgroundColorActive"},{"type":"color","label":"Border color","id":"optimizedCheckout-buttonPrimary-borderColor"},{"type":"color","label":"Border hover color","id":"optimizedCheckout-buttonPrimary-borderColorHover"},{"type":"color","label":"Border active color","id":"optimizedCheckout-buttonPrimary-borderColorActive"},{"type":"font","label":"Font family","id":"optimizedCheckout-buttonPrimary-font","options":[{"group":"Karla","label":"Karla","value":"Google_Karla_400"},{"group":"Roboto","label":"Roboto","value":"Google_Roboto_400,400i,300,300i,700,700i"},{"group":"Roboto","label":"Roboto Light","value":"Google_Roboto_300,300i,400,400i,700,700i"},{"group":"Roboto","label":"Roboto Bold","value":"Google_Roboto_700,700i,300,300i,400,400i"},{"group":"Lato","label":"Lato","value":"Google_Lato_400,400i,300,300i,700,700i"},{"group":"Lato","label":"Lato Light","value":"Google_Lato_300,300i,400,400i,700,700i"},{"group":"Lato","label":"Lato Bold","value":"Google_Lato_700,700i,300,300i,400,400i"},{"group":"Source Sans Pro","label":"Source Sans Pro (All Weights)","value":"Google_Source+Sans+Pro_400,400i,600,600i,700,700i,900,900i,200,200i,300,300i"},{"group":"Source Sans Pro","label":"Source Sans Pro Normal","value":"Google_Source+Sans+Pro_400,400i"},{"group":"Source Sans Pro","label":"Source Sans Pro Light","value":"Google_Source+Sans+Pro_300,300i"},{"group":"Source Sans Pro","label":"Source Sans Pro SemiBold","value":"Google_Source+Sans+Pro_600,600i"},{"group":"Source Sans Pro","label":"Source Sans Pro Bold","value":"Google_Source+Sans+Pro_700,700i"},{"group":"Caveat","label":"Caveat","value":"Google_Caveat_400,700"},{"group":"Caveat","label":"Caveat Bold","value":"Google_Caveat_700,400"},{"group":"Libre Baskerville","label":"Libre Baskerville","value":"Google_Libre+Baskerville_400,400i"},{"group":"Montserrat","label":"Montserrat","value":"Google_Montserrat_400"}]},{"type":"heading","content":"Secondary button"},{"type":"color","label":"Text color","id":"optimizedCheckout-buttonSecondary-color"},{"type":"color","label":"Background color","id":"optimizedCheckout-buttonSecondary-backgroundColor"},{"type":"color","label":"Border color","id":"optimizedCheckout-buttonSecondary-borderColor"},{"type":"font","label":"Font family","id":"optimizedCheckout-buttonSecondary-font","options":[{"group":"Karla","label":"Karla","value":"Google_Karla_400"},{"group":"Roboto","label":"Roboto","value":"Google_Roboto_400,400i,300,300i,700,700i"},{"group":"Roboto","label":"Roboto Light","value":"Google_Roboto_300,300i,400,400i,700,700i"},{"group":"Roboto","label":"Roboto Bold","value":"Google_Roboto_700,700i,300,300i,400,400i"},{"group":"Lato","label":"Lato","value":"Google_Lato_400,400i,300,300i,700,700i"},{"group":"Lato","label":"Lato Light","value":"Google_Lato_300,300i,400,400i,700,700i"},{"group":"Lato","label":"Lato Bold","value":"Google_Lato_700,700i,300,300i,400,400i"},{"group":"Source Sans Pro","label":"Source Sans Pro (All Weights)","value":"Google_Source+Sans+Pro_400,400i,600,600i,700,700i,900,900i,200,200i,300,300i"},{"group":"Source Sans Pro","label":"Source Sans Pro Normal","value":"Google_Source+Sans+Pro_400,400i"},{"group":"Source Sans Pro","label":"Source Sans Pro Light","value":"Google_Source+Sans+Pro_300,300i"},{"group":"Source Sans Pro","label":"Source Sans Pro SemiBold","value":"Google_Source+Sans+Pro_600,600i"},{"group":"Source Sans Pro","label":"Source Sans Pro Bold","value":"Google_Source+Sans+Pro_700,700i"},{"group":"Caveat","label":"Caveat","value":"Google_Caveat_400,700"},{"group":"Caveat","label":"Caveat Bold","value":"Google_Caveat_700,400"},{"group":"Libre Baskerville","label":"Libre Baskerville","value":"Google_Libre+Baskerville_400,400i"},{"group":"Montserrat","label":"Montserrat","value":"Google_Montserrat_400"}]},{"type":"heading","content":"Form labels"},{"type":"color","label":"Text Color","id":"optimizedCheckout-form-text"},{"type":"heading","content":"Form inputs"},{"type":"color","label":"Border Color","id":"optimizedCheckout-formField-borderColor"},{"type":"select","label":"Background Color","id":"optimizedCheckout-formField-backgroundColor","options":[{"value":"white","label":"White"},{"value":"transparent","label":"Transparent"}]}]},{"name":"Footer","settings":[{"type":"color","label":"Background color","id":"footer-backgroundColor"},{"type":"checkbox","label":"Show &quot;Powered by BigCommerce&quot;","force_reload":true,"id":"show_powered_by"},{"type":"select","label":"Show brands in footer","force_reload":true,"id":"shop_by_brand_show_footer","options":[{"value":"static","label":"Static Images"},{"value":"dynamic","label":"Popular Brands"},{"value":"","label":"Disable"}]},{"type":"checkbox","label":"Show &quot;&copy;&quot;, current year and store name","force_reload":true,"id":"show_copyright_footer"},{"type":"heading","content":"Newsletter section"},{"type":"color","label":"Text color","id":"newsletterSection-color"},{"type":"color","label":"Background color","id":"newsletterSection-backgroundColor"},{"type":"heading","content":"Copyright section"},{"type":"color","label":"Text color","id":"copyright-color"},{"type":"color","label":"Background color","id":"copyright-backgroundColor"},{"type":"heading","content":"GeoTrust SSL"},{"type":"checkbox","label":"Show Seal","force_reload":true,"id":"show_geotrust_ssl_seal"},{"type":"select","label":"Seal Size","id":"geotrust_ssl_seal_size","options":[{"value":"M","label":"Medium"},{"value":"S","label":"Small"}],"force_reload":true}]},{"name":"Purchase Options","settings":[{"type":"paragraph","content":"Add 'As low as' pricing text to products with options on layout pages."},{"type":"checkbox","label":"Add 'As low as' text","force_reload":true,"id":"price_as_low_as"},{"type":"paragraph","content":"*only recommended if default options are set to lowest price available for each product"},{"type":"paragraph","content":"Hide prices and add to cart buttons if customers aren't logged in."},{"type":"checkbox","label":"Restrict Purchase to Login","force_reload":true,"id":"restrict_to_login"}]},{"name":"Homepage","settings":[{"type":"heading","content":"Sections Layout"},{"type":"select","label":"Section 1","id":"homepage_section1","force_reload":true,"options":[{"value":"","label":"-- NONE --"},{"value":"slideshow","label":"Carousel"}]},{"type":"select","label":"Section 2","id":"homepage_section2","force_reload":true,"options":[{"value":"","label":"-- NONE --"},{"value":"new_products","label":"New Products"},{"value":"featured_products","label":"Featured Products"},{"value":"popular_products","label":"Popular Products"},{"value":"banner_3x_1","label":"3 Banners - 1"},{"value":"banner_3x_2","label":"3 Banners - 2"},{"value":"banner_3x_3","label":"3 Banners - 3"},{"value":"banner_2313_1","label":"2 Banners (2/3 + 1/3) - 1"},{"value":"banner_2313_2","label":"2 Banners (2/3 + 1/3) - 2"},{"value":"banner_2313_3","label":"2 Banners (2/3 + 1/3) - 3"},{"value":"blog_recent","label":"Recent Blog Posts"},{"value":"instagram_carousel","label":"Instagram Photos"}]},{"type":"select","label":"Section 3","id":"homepage_section3","force_reload":true,"options":[{"value":"","label":"-- NONE --"},{"value":"new_products","label":"New Products"},{"value":"featured_products","label":"Featured Products"},{"value":"popular_products","label":"Popular Products"},{"value":"banner_3x_1","label":"3 Banners - 1"},{"value":"banner_3x_2","label":"3 Banners - 2"},{"value":"banner_3x_3","label":"3 Banners - 3"},{"value":"banner_2313_1","label":"2 Banners (2/3 + 1/3) - 1"},{"value":"banner_2313_2","label":"2 Banners (2/3 + 1/3) - 2"},{"value":"banner_2313_3","label":"2 Banners (2/3 + 1/3) - 3"},{"value":"blog_recent","label":"Recent Blog Posts"},{"value":"instagram_carousel","label":"Instagram Photos"}]},{"type":"select","label":"Section 4","id":"homepage_section4","force_reload":true,"options":[{"value":"","label":"-- NONE --"},{"value":"new_products","label":"New Products"},{"value":"featured_products","label":"Featured Products"},{"value":"popular_products","label":"Popular Products"},{"value":"banner_3x_1","label":"3 Banners - 1"},{"value":"banner_3x_2","label":"3 Banners - 2"},{"value":"banner_3x_3","label":"3 Banners - 3"},{"value":"banner_2313_1","label":"2 Banners (2/3 + 1/3) - 1"},{"value":"banner_2313_2","label":"2 Banners (2/3 + 1/3) - 2"},{"value":"banner_2313_3","label":"2 Banners (2/3 + 1/3) - 3"},{"value":"blog_recent","label":"Recent Blog Posts"},{"value":"instagram_carousel","label":"Instagram Photos"}]},{"type":"select","label":"Section 5","id":"homepage_section5","force_reload":true,"options":[{"value":"","label":"-- NONE --"},{"value":"new_products","label":"New Products"},{"value":"featured_products","label":"Featured Products"},{"value":"popular_products","label":"Popular Products"},{"value":"banner_3x_1","label":"3 Banners - 1"},{"value":"banner_3x_2","label":"3 Banners - 2"},{"value":"banner_3x_3","label":"3 Banners - 3"},{"value":"banner_2313_1","label":"2 Banners (2/3 + 1/3) - 1"},{"value":"banner_2313_2","label":"2 Banners (2/3 + 1/3) - 2"},{"value":"banner_2313_3","label":"2 Banners (2/3 + 1/3) - 3"},{"value":"blog_recent","label":"Recent Blog Posts"},{"value":"instagram_carousel","label":"Instagram Photos"}]},{"type":"select","label":"Section 6","id":"homepage_section6","force_reload":true,"options":[{"value":"","label":"-- NONE --"},{"value":"new_products","label":"New Products"},{"value":"featured_products","label":"Featured Products"},{"value":"popular_products","label":"Popular Products"},{"value":"banner_3x_1","label":"3 Banners - 1"},{"value":"banner_3x_2","label":"3 Banners - 2"},{"value":"banner_3x_3","label":"3 Banners - 3"},{"value":"banner_2313_1","label":"2 Banners (2/3 + 1/3) - 1"},{"value":"banner_2313_2","label":"2 Banners (2/3 + 1/3) - 2"},{"value":"banner_2313_3","label":"2 Banners (2/3 + 1/3) - 3"},{"value":"blog_recent","label":"Recent Blog Posts"},{"value":"instagram_carousel","label":"Instagram Photos"}]},{"type":"select","label":"Section 7","id":"homepage_section7","force_reload":true,"options":[{"value":"","label":"-- NONE --"},{"value":"new_products","label":"New Products"},{"value":"featured_products","label":"Featured Products"},{"value":"popular_products","label":"Popular Products"},{"value":"banner_3x_1","label":"3 Banners - 1"},{"value":"banner_3x_2","label":"3 Banners - 2"},{"value":"banner_3x_3","label":"3 Banners - 3"},{"value":"banner_2313_1","label":"2 Banners (2/3 + 1/3) - 1"},{"value":"banner_2313_2","label":"2 Banners (2/3 + 1/3) - 2"},{"value":"banner_2313_3","label":"2 Banners (2/3 + 1/3) - 3"},{"value":"blog_recent","label":"Recent Blog Posts"},{"value":"instagram_carousel","label":"Instagram Photos"}]},{"type":"select","label":"Section 8","id":"homepage_section8","force_reload":true,"options":[{"value":"","label":"-- NONE --"},{"value":"new_products","label":"New Products"},{"value":"featured_products","label":"Featured Products"},{"value":"popular_products","label":"Popular Products"},{"value":"banner_3x_1","label":"3 Banners - 1"},{"value":"banner_3x_2","label":"3 Banners - 2"},{"value":"banner_3x_3","label":"3 Banners - 3"},{"value":"banner_2313_1","label":"2 Banners (2/3 + 1/3) - 1"},{"value":"banner_2313_2","label":"2 Banners (2/3 + 1/3) - 2"},{"value":"banner_2313_3","label":"2 Banners (2/3 + 1/3) - 3"},{"value":"blog_recent","label":"Recent Blog Posts"},{"value":"instagram_carousel","label":"Instagram Photos"}]},{"type":"select","label":"Section 9","id":"homepage_section9","force_reload":true,"options":[{"value":"","label":"-- NONE --"},{"value":"new_products","label":"New Products"},{"value":"featured_products","label":"Featured Products"},{"value":"popular_products","label":"Popular Products"},{"value":"banner_3x_1","label":"3 Banners - 1"},{"value":"banner_3x_2","label":"3 Banners - 2"},{"value":"banner_3x_3","label":"3 Banners - 3"},{"value":"banner_2313_1","label":"2 Banners (2/3 + 1/3) - 1"},{"value":"banner_2313_2","label":"2 Banners (2/3 + 1/3) - 2"},{"value":"banner_2313_3","label":"2 Banners (2/3 + 1/3) - 3"},{"value":"blog_recent","label":"Recent Blog Posts"},{"value":"instagram_carousel","label":"Instagram Photos"}]},{"type":"select","label":"Section 10","id":"homepage_section10","force_reload":true,"options":[{"value":"","label":"-- NONE --"},{"value":"new_products","label":"New Products"},{"value":"featured_products","label":"Featured Products"},{"value":"popular_products","label":"Popular Products"},{"value":"banner_3x_1","label":"3 Banners - 1"},{"value":"banner_3x_2","label":"3 Banners - 2"},{"value":"banner_3x_3","label":"3 Banners - 3"},{"value":"banner_2313_1","label":"2 Banners (2/3 + 1/3) - 1"},{"value":"banner_2313_2","label":"2 Banners (2/3 + 1/3) - 2"},{"value":"banner_2313_3","label":"2 Banners (2/3 + 1/3) - 3"},{"value":"blog_recent","label":"Recent Blog Posts"},{"value":"instagram_carousel","label":"Instagram Photos"}]},{"type":"heading","content":"New Products"},{"type":"select","label":"Display type","id":"homepage_new_products_display_type","force_reload":true,"options":[{"value":"grid","label":"Grid"},{"value":"list","label":"List"},{"value":"carousel","label":"Carousel"}]},{"type":"select","label":"Number of Products","id":"homepage_new_products_count","force_reload":true,"options":[{"value":0,"label":"Disable"},{"value":1,"label":"1"},{"value":2,"label":"2"},{"value":3,"label":"3"},{"value":4,"label":"4"},{"value":5,"label":"5"},{"value":6,"label":"6"},{"value":7,"label":"7"},{"value":8,"label":"8"},{"value":9,"label":"9"},{"value":10,"label":"10"},{"value":11,"label":"11"},{"value":12,"label":"12"}]},{"type":"heading","content":"Featured Products"},{"type":"select","label":"Display type","id":"homepage_featured_products_display_type","force_reload":true,"options":[{"value":"grid","label":"Grid"},{"value":"list","label":"List"},{"value":"carousel","label":"Carousel"}]},{"type":"select","label":"Number of Products","id":"homepage_featured_products_count","force_reload":true,"options":[{"value":0,"label":"Disable"},{"value":1,"label":"1"},{"value":2,"label":"2"},{"value":3,"label":"3"},{"value":4,"label":"4"},{"value":5,"label":"5"},{"value":6,"label":"6"},{"value":7,"label":"7"},{"value":8,"label":"8"},{"value":9,"label":"9"},{"value":10,"label":"10"},{"value":11,"label":"11"},{"value":12,"label":"12"}]},{"type":"heading","content":"Most Popular Products"},{"type":"select","label":"Display type","id":"homepage_top_products_display_type","force_reload":true,"options":[{"value":"grid","label":"Grid"},{"value":"list","label":"List"},{"value":"carousel","label":"Carousel"}]},{"type":"select","label":"Number of Products","id":"homepage_top_products_count","force_reload":true,"options":[{"value":0,"label":"Disable"},{"value":1,"label":"1"},{"value":2,"label":"2"},{"value":3,"label":"3"},{"value":4,"label":"4"},{"value":5,"label":"5"},{"value":6,"label":"6"},{"value":7,"label":"7"},{"value":8,"label":"8"},{"value":9,"label":"9"},{"value":10,"label":"10"},{"value":11,"label":"11"},{"value":12,"label":"12"}]}]}]