{"components/common/footer-partners":"<div class=\"footer-partners\">\r\n\t<div class=\"footer-partners-wrapper container\">\r\n\t\t<ul data-slick='{\r\n\t        \"dots\": false,\r\n\t        \"infinite\": true,\r\n\t        \"mobileFirst\": true,\r\n\t        \"slidesToShow\": 2,\r\n\t        \"slidesToScroll\": 2,\r\n\t        \"autoplay\": true,\r\n\t        \"autoplaySpeed\": 5000,\r\n\t        \"responsive\": [\r\n\t            {\r\n\t                \"breakpoint\": 1230,\r\n\t                \"settings\": {\r\n\t                    \"slidesToScroll\": 2,\r\n\t                    \"slidesToShow\": 5\r\n\t                }\r\n\t            },\r\n\t            {\r\n\t                \"breakpoint\": 992,\r\n\t                \"settings\": {\r\n\t                    \"slidesToScroll\": 2,\r\n\t                    \"slidesToShow\": 4\r\n\t                }\r\n\t            },\r\n\t            {\r\n\t                \"breakpoint\": 550,\r\n\t                \"settings\": {\r\n\t                    \"slidesToScroll\": 2,\r\n\t                    \"slidesToShow\": 3\r\n\t                }\r\n\t            }\r\n\t        ]\r\n\t    }' class=\"partners-list\">\r\n\t\t\t<li>\r\n\t\t\t\t<img src=\"{{cdn \"webdav:img/partner-logo-1.png\"}}\" alt=\"First Partner Logo\">\r\n\t\t\t</li>\r\n\t\t\t<li>\r\n\t\t\t\t<img src=\"{{cdn \"webdav:img/partner-logo-2.png\"}}\" alt=\"Second Partner Logo\">\r\n\t\t\t</li>\r\n\t\t\t<li>\r\n\t\t\t\t<img src=\"{{cdn \"webdav:img/partner-logo-3.png\"}}\" alt=\"Third Partner Logo\">\r\n\t\t\t</li>\r\n\t\t\t<li>\r\n\t\t\t\t<img src=\"{{cdn \"webdav:img/partner-logo-4.png\"}}\" alt=\"Fourth Partner Logo\">\r\n\t\t\t</li>\r\n\t\t\t<li>\r\n\t\t\t\t<img src=\"{{cdn \"webdav:img/partner-logo-5.png\"}}\" alt=\"Fifth Partner Logo\">\r\n\t\t\t</li>\r\n\t\t</ul>\t\r\n\t</div>\r\n</div>"}