{"components/common/footer":"{{#if banners.bottom}}\r\n<div class=\"banners\" data-banner-location=\"bottom\">\r\n    <div class=\"banner\">\r\n        {{{limit banners.bottom 1}}}\r\n    </div>\r\n</div>\r\n{{/if}}\r\n<footer class=\"footer\" role=\"contentinfo\">\r\n    {{> components/common/footer-partners}}\r\n    <div class=\"container\">\r\n        <section class=\"footer-info-top\">\r\n            {{#if social_media.length}}\r\n                <div class=\"footer-socials-left footer-socials\">\r\n                    {{> components/common/social-links}}\r\n                </div>\r\n            {{else}}\r\n                <p class=\"social-alt-text\">StoreFront Social Media</p>\r\n            {{/if}}\r\n            <article class=\"newsletterSection\" data-section-type=\"newsletterSubscription\">\r\n                {{#if settings.show_newsletter_box}}\r\n                    {{> components/common/subscription-form}}\r\n                {{/if}}\r\n                \r\n            </article>\r\n            {{#if social_media.length}}\r\n                <div class=\"footer-socials-right footer-socials\">\r\n                    {{> components/common/social-links}}\r\n                </div>\r\n            {{else}}\r\n                <p class=\"social-alt-text\">StoreFront Social Media</p>\r\n            {{/if}}\r\n        </section>\r\n        <section class=\"footer-info\">\r\n            <article class=\"footer-info-col footer-info-col--small\" data-section-type=\"footer-webPages\">\r\n                <h5 class=\"footer-info-heading\">{{lang 'footer.navigate'}}</h5>\r\n                <ul class=\"footer-info-list\">\r\n                    {{#each pages}}\r\n                    <li>\r\n                        <a href=\"{{url}}\">{{name}}</a>\r\n                    </li>\r\n                    {{/each}}\r\n                    <li>\r\n                        <a href=\"{{urls.sitemap}}\">{{lang 'sitemap.page_title'}}</a>\r\n                    </li>\r\n                </ul>\r\n            </article>\r\n\r\n            <article class=\"footer-info-col footer-info-col--small\" data-section-type=\"footer-categories\">\r\n                <h5 class=\"footer-info-heading\">{{lang 'footer.categories'}}</h5>\r\n                <ul class=\"footer-info-list\">\r\n                    {{#each categories}}\r\n                        <li>\r\n                            <a href=\"{{url}}\">{{name}}</a>\r\n                        </li>\r\n                    {{/each}}\r\n                </ul>\r\n            </article>\r\n\r\n            {{#if theme_settings.shop_by_brand_show_footer}}\r\n            <article class=\"footer-info-col footer-info-col--small\" data-section-type=\"footer-brands\">\r\n                <h5 class=\"footer-info-heading\">{{lang 'footer.brands'}}</h5>\r\n                <ul class=\"footer-info-list\">\r\n                    {{#each shop_by_brand}}\r\n                        <li>\r\n                            <a href=\"{{url}}\">{{name}}</a>\r\n                        </li>\r\n                    {{/each}}\r\n                    <li><a href=\"{{urls.brands}}\">{{lang 'common.view_all'}}</a></li>\r\n                </ul>\r\n            </article>\r\n            {{/if}}\r\n\r\n            <article class=\"footer-info-col footer-info-col--small\" data-section-type=\"storeInfo\">\r\n                <h5 class=\"footer-info-heading\">{{lang 'footer.info'}}</h5>\r\n                <address>{{nl2br settings.address}}</address>\r\n                {{#if settings.phone_number}}\r\n                    <strong>{{lang 'footer.call_us' phone_number=settings.phone_number}}</strong>\r\n                {{/if}}\r\n            </article>\r\n\r\n            {{#if theme_settings.enable_footer_instafeed}}\r\n                <article class=\"footer-info-col instafeed-section footer-info-col--small\" data-section-type=\"instagramFeeds\">\r\n                    <h5 class=\"footer-info-heading\">#Instagram Feeds</h5>\r\n                    <div class=\"instagram-list-wrapper\">\r\n                        <div id=\"instagram-list\" class=\"instagram-list\" data-token=\"{{theme_settings.instafeed_token}}\" data-uid=\"{{theme_settings.instafeed_uid}}\"></div>\r\n                    </div>  \r\n                </article>\r\n            {{/if}}\r\n\r\n            \r\n\r\n            \r\n        </section>\r\n        <section class=\"footer-info-bottom\">\r\n            {{#if theme_settings.show_geotrust_ssl_seal}}\r\n                <div class=\"footer-geotrust-ssl-seal\">\r\n                    {{> components/common/geotrust-ssl-seal}}\r\n                </div>\r\n            {{/if}}\r\n            <div class=\"licence-footer\">\r\n                {{#if theme_settings.show_powered_by}}\r\n                    <div class=\"footer-powered-by\">\r\n                        <p class=\"powered-by\">Powered by <a href=\"http://bigcommerce.com\" rel=\"nofollow\">BigCommerce</a></p>\r\n                    </div>\r\n                {{/if}}\r\n                {{#if theme_settings.show_copyright_footer}}\r\n                    <div class=\"footer-copyright\">\r\n                        <p class=\"powered-by\">&copy; <span id=\"copyright_year\"></span> {{settings.store_name}}. All rights reserved </p>\r\n                    </div>\r\n                    <script type=\"text/javascript\">\r\n                        document.getElementById(\"copyright_year\").innerHTML = new Date().getFullYear();\r\n                    </script>\r\n                {{/if}}\r\n            </div>\r\n            {{> components/common/payment-icons}}\r\n        </section>\r\n    </div>\r\n</footer> \r\n","components/common/footer-partners":"<div class=\"footer-partners\">\r\n\t<div class=\"footer-partners-wrapper container\">\r\n\t\t<ul data-slick='{\r\n\t        \"dots\": false,\r\n\t        \"infinite\": true,\r\n\t        \"mobileFirst\": true,\r\n\t        \"slidesToShow\": 2,\r\n\t        \"slidesToScroll\": 2,\r\n\t        \"autoplay\": true,\r\n\t        \"autoplaySpeed\": 5000,\r\n\t        \"responsive\": [\r\n\t            {\r\n\t                \"breakpoint\": 1230,\r\n\t                \"settings\": {\r\n\t                    \"slidesToScroll\": 2,\r\n\t                    \"slidesToShow\": 5\r\n\t                }\r\n\t            },\r\n\t            {\r\n\t                \"breakpoint\": 992,\r\n\t                \"settings\": {\r\n\t                    \"slidesToScroll\": 2,\r\n\t                    \"slidesToShow\": 4\r\n\t                }\r\n\t            },\r\n\t            {\r\n\t                \"breakpoint\": 550,\r\n\t                \"settings\": {\r\n\t                    \"slidesToScroll\": 2,\r\n\t                    \"slidesToShow\": 3\r\n\t                }\r\n\t            }\r\n\t        ]\r\n\t    }' class=\"partners-list\">\r\n\t\t\t<li>\r\n\t\t\t\t<img src=\"{{cdn \"webdav:img/partner-logo-1.png\"}}\" alt=\"First Partner Logo\">\r\n\t\t\t</li>\r\n\t\t\t<li>\r\n\t\t\t\t<img src=\"{{cdn \"webdav:img/partner-logo-2.png\"}}\" alt=\"Second Partner Logo\">\r\n\t\t\t</li>\r\n\t\t\t<li>\r\n\t\t\t\t<img src=\"{{cdn \"webdav:img/partner-logo-3.png\"}}\" alt=\"Third Partner Logo\">\r\n\t\t\t</li>\r\n\t\t\t<li>\r\n\t\t\t\t<img src=\"{{cdn \"webdav:img/partner-logo-4.png\"}}\" alt=\"Fourth Partner Logo\">\r\n\t\t\t</li>\r\n\t\t\t<li>\r\n\t\t\t\t<img src=\"{{cdn \"webdav:img/partner-logo-5.png\"}}\" alt=\"Fifth Partner Logo\">\r\n\t\t\t</li>\r\n\t\t</ul>\t\r\n\t</div>\r\n</div>","components/common/social-links":"{{#if social_media}}\r\n    <h5 class=\"footer-info-heading\">{{lang 'social.connect'}}</h5>\r\n    <ul class=\"socialLinks socialLinks--alt\">\r\n        {{#each social_media}}\r\n            <li class=\"socialLinks-item\">\r\n                {{#if display_name '===' 'google+'}}\r\n                    <a class=\"social-icon icon--google\" href=\"{{url}}\" target=\"_blank\">\r\n                        <i class=\"icon fa fa-google\"></i>\r\n                    </a>\r\n                {{else}}\r\n                    <a class=\"social-icon icon--{{display_name}}\" href=\"{{url}}\" target=\"_blank\">\r\n                        <i class=\"icon fa fa-{{display_name}}\"></i>\r\n                    </a>\r\n                {{/if}}\r\n            </li>\r\n        {{/each}}\r\n    </ul>\r\n{{/if}}\r\n","components/common/subscription-form":"<h5 class=\"footer-info-heading\">{{lang 'newsletter.subscribe'}}</h5>\r\n<p>{{lang 'newsletter.subscribe_intro'}}</p>\r\n\r\n<form class=\"form\" action=\"{{urls.subscribe.action}}\" method=\"post\">\r\n    <fieldset class=\"form-fieldset\">\r\n        <input type=\"hidden\" name=\"action\" value=\"subscribe\">\r\n        <input type=\"hidden\" name=\"nl_first_name\" value=\"bc\">\r\n        <input type=\"hidden\" name=\"check\" value=\"1\">\r\n        <div class=\"form-field\">\r\n            <label class=\"form-label is-srOnly\" for=\"nl_email\">{{lang 'common.email_address'}}</label>\r\n            <div class=\"form-prefixPostfix wrap\">\r\n                <input class=\"form-input\" id=\"nl_email\" name=\"nl_email\" type=\"email\" value=\"{{customer.email}}\" placeholder=\"{{lang 'newsletter.email_placeholder'}}\">\r\n                <input class=\"button button--primary form-prefixPostfix-button--postfix\" type=\"submit\" value=\"{{lang 'newsletter.subscribe_submit'}}\">\r\n            </div>\r\n        </div>\r\n    </fieldset>\r\n</form>\r\n","components/common/geotrust-ssl-seal":"<table width=\"135\" border=\"0\" cellpadding=\"2\" cellspacing=\"0\" title=\"Click to Verify - This site chose GeoTrust SSL for secure e-commerce and confidential communications.\">\r\n    <tr>\r\n        <td width=\"135\" align=\"center\" valign=\"top\">\r\n            <script type=\"text/javascript\" src=\"https://seal.geotrust.com/getgeotrustsslseal?host_name={{settings.secure_host}}&amp;size={{theme_settings.geotrust_ssl_seal_size}}&amp;lang={{locale_name}}\"></script><br />\r\n            <a href=\"http://www.geotrust.com/ssl/\" target=\"_blank\"  style=\"color:#000000; text-decoration:none; font:bold 7px verdana,sans-serif; letter-spacing:.5px; text-align:center; margin:0px; padding:0px;\"></a>\r\n        </td>\r\n    </tr>\r\n</table>\r\n","components/common/payment-icons":"<div class=\"footer-payment-icons\">\r\n    {{#if theme_settings.show_accept_amex}}\r\n        <span class=\"footer-payment-icon icon-logo-american-express\"></span>\r\n    {{/if}}\r\n    {{#if theme_settings.show_accept_discover}}\r\n        <span class=\"footer-payment-icon icon-logo-discover\"></span>    \r\n    {{/if}}\r\n    {{#if theme_settings.show_accept_mastercard}}\r\n        <span class=\"footer-payment-icon icon-logo-mastercard\"></span>\r\n    {{/if}}\r\n    {{#if theme_settings.show_accept_paypal}}\r\n        <span class=\"footer-payment-icon icon-logo-paypal\"></span>\r\n    {{/if}}\r\n    {{#if theme_settings.show_accept_visa}}\r\n        <span class=\"footer-payment-icon icon-logo-visa\"></span>\r\n    {{/if}}\r\n</div>\r\n"}