{"components/brand/product-listing":"{{> components/products/filter sort=pagination.brand.sort}}\r\n\r\n<form action=\"{{urls.compare}}\" method='POST' data-product-compare>\r\n    {{!--#if theme_settings.product_list_display_mode '===' 'grid'}}\r\n        {{> components/products/grid products=brand.products show_compare=brand.show_compare theme_settings=theme_settings}}\r\n    {{else}}\r\n        {{> components/products/list products=brand.products show_compare=brand.show_compare theme_settings=theme_settings}}\r\n    {{/if--}}\r\n    {{> components/products/grid products=brand.products show_compare=brand.show_compare theme_settings=theme_settings}}\r\n</form>\r\n\r\n{{> components/common/paginator pagination.brand}}\r\n","components/products/filter":"<div class=\"category-top-filter\">\r\n\t<form class=\"actionBar\" method=\"get\" data-sort-by>\r\n\t    {{> components/category/sort-box sort=sort}}\r\n\t</form>\r\n\t<div class=\"show-status\">\r\n\t\t<p>Show {{theme_settings.categorypage_products_per_page}} products per page</p>\r\n\t</div>\r\n\t{{> components/category/viewmode-switch}}\r\n</div>\r\n","components/products/grid":"<ul class=\"product-list {{#if theme_settings.product_list_display_mode '===' 'grid'}}productGrid{{else}}productList{{/if}}\">\r\n    {{#each products}}\r\n    <li class=\"product\">\r\n        {{>components/products/card show_compare=../show_compare show_rating=../settings.show_product_rating theme_settings=../theme_settings}}\r\n    </li>\r\n    {{/each}}\r\n</ul>\r\n","components/products/list":"<ul class=\"productList\">\r\n    {{#each products}}\r\n    <li class=\"product\">\r\n        {{>components/products/list-item show_compare=../show_compare show_rating=../settings.show_product_rating theme_settings=../theme_settings}}\r\n    </li>\r\n    {{/each}}\r\n</ul>\r\n","components/common/paginator":"<div class=\"pagination\">\r\n    <ul class=\"pagination-list\">\r\n        {{#if previous}}\r\n            <li class=\"pagination-item pagination-item--previous\">\r\n                <a class=\"pagination-link\" href=\"{{previous}}\" {{#unless reload}}data-faceted-search-facet{{/unless}}>\r\n                    <i class=\"icon\" aria-hidden=\"true\">\r\n                        <svg>\r\n                            <use xmlns:xlink=\"http://www.w3.org/1999/xlink\" xlink:href=\"#icon-chevron-left\"></use>\r\n                        </svg>\r\n                    </i>\r\n                    {{lang 'common.previous'}}\r\n                </a>\r\n            </li>\r\n        {{/if}}\r\n        {{#each links}}\r\n            {{#if this.number '==' ../current}}\r\n                <li class=\"pagination-item pagination-item--current\">\r\n                    <a class=\"pagination-link\" href=\"{{this.url}}\" {{#unless reload}}data-faceted-search-facet{{/unless}}>{{this.number}}</a>\r\n                </li>\r\n            {{else}}\r\n                <li class=\"pagination-item\">\r\n                    <a class=\"pagination-link\" href=\"{{this.url}}\" {{#unless reload}}data-faceted-search-facet{{/unless}}>{{this.number}}</a>\r\n                </li>\r\n            {{/if}}\r\n        {{/each}}\r\n\r\n        {{#if next}}\r\n            <li class=\"pagination-item pagination-item--next\">\r\n                <a class=\"pagination-link\" href=\"{{next}}\" {{#unless reload}}data-faceted-search-facet{{/unless}}>\r\n                    {{lang 'common.next'}}\r\n                    <i class=\"icon\" aria-hidden=\"true\">\r\n                        <svg>\r\n                            <use xmlns:xlink=\"http://www.w3.org/1999/xlink\" xlink:href=\"#icon-chevron-right\"></use>\r\n                        </svg>\r\n                    </i>\r\n                </a>\r\n            </li>\r\n        {{/if}}\r\n    </ul>\r\n</div>\r\n","components/category/sort-box":"<fieldset class=\"form-fieldset actionBar-section sort-by\">\r\n    <div class=\"form-field\">\r\n        <label class=\"form-label\" for=\"sort\">{{lang 'common.sorter.sort_by'}}</label>\r\n        <select class=\"form-select form-select--small\" name=\"sort\" id=\"sort\">\r\n            <option value=\"featured\" {{#if sort '==' 'featured'}}selected{{/if}}>{{lang 'common.sorter.featured'}}</option>\r\n            <option value=\"newest\" {{#if sort '==' 'newest'}}selected{{/if}}>{{lang 'common.sorter.newest'}}</option>\r\n            <option value=\"bestselling\" {{#if sort '==' 'bestselling'}}selected{{/if}}>{{lang 'common.sorter.top_sellers'}}</option>\r\n            <option value=\"alphaasc\" {{#if sort '==' 'alphaasc'}}selected{{/if}}>{{lang 'common.sorter.alpha_asc'}}</option>\r\n            <option value=\"alphadesc\" {{#if sort '==' 'alphadesc'}}selected{{/if}}>{{lang 'common.sorter.alpha_desc'}}</option>\r\n            <option value=\"avgcustomerreview\" {{#if sort '==' 'avgcustomerreview'}}selected{{/if}}>{{lang 'common.sorter.reviews'}}</option>\r\n            <option value=\"priceasc\" {{#if sort '==' 'priceasc'}}selected{{/if}}>{{lang 'common.sorter.price_asc'}}</option>\r\n            <option value=\"pricedesc\" {{#if sort '==' 'pricedesc'}}selected{{/if}}>{{lang 'common.sorter.price_desc'}}</option>\r\n            {{#if result_count}}\r\n                <option value=\"relevance\" {{#if sort '==' 'relevance'}}selected{{/if}}>{{lang 'common.sorter.relevance'}}</option>\r\n            {{/if}}\r\n        </select>\r\n    </div>\r\n</fieldset>\r\n\r\n","components/category/viewmode-switch":"<div class=\"list-grid--switcher\">\r\n    <a href=\"javascript:;\" class=\"list {{#if theme_settings.product_list_display_mode '===' 'list'}}active{{/if}}\">List</a>\r\n    <a href=\"javascript:;\" class=\"grid {{#if theme_settings.product_list_display_mode '===' 'grid'}}active{{/if}}\">Grid</a>\r\n</div>\r\n\r\n","components/products/card":"<article class=\"card {{#if alternate}}card--alternate{{/if}}\">\r\n    <figure class=\"card-figure\">\r\n        {{#if price.non_sale_price_without_tax}}\r\n        <span class=\"saved-label\">Save</span>\r\n        {{/if}}\r\n        <a href=\"{{url}}\">\r\n            {{#if smart_card}}\r\n            <img class=\"card-image\" src=\"{{getImage images.[3] 'productgallery_size' (cdn theme_settings.default_image_product)}}\" alt=\"{{image.alt}}\">\r\n            {{else}}\r\n            <img class=\"card-image\" src=\"{{getImage image 'productgallery_size' (cdn theme_settings.default_image_product)}}\" alt=\"{{image.alt}}\">\r\n            {{/if}}\r\n        </a>\r\n        <figcaption class=\"card-figcaption\">\r\n            <div class=\"card-figcaption-body\">\r\n                {{#if show_cart_action}}\r\n                    {{#if add_to_cart_url }}\r\n                        <a href=\"{{add_to_cart_url}}\" class=\"button button--small card-figcaption-button add-to-cart\">{{lang 'products.add_to_cart'}}</a>\r\n                    {{/if}}\r\n                    {{#if has_options}}\r\n                        <a href=\"{{url}}\" class=\"button button--small card-figcaption-button choose-opt\" data-product-id=\"{{id}}\">{{lang 'products.choose_options'}}</a>\r\n                    {{/if}}\r\n                    {{#if pre_order}}\r\n                        <a href=\"{{url}}\" class=\"button button--small card-figcaption-button\">{{lang 'products.pre_order'}}</a>\r\n                    {{/if}}\r\n                    {{#if out_of_stock_message }}\r\n                        <a href=\"{{url}}\" class=\"button button--small card-figcaption-button\" data-product-id=\"{{id}}\">{{out_of_stock_message}}</a>\r\n                    {{/if}}\r\n                {{/if}}\r\n                {{#unless hide_product_quick_view}}\r\n                    {{#if theme_settings.show_product_quick_view}}\r\n                        <a href=\"#\" class=\"button button--small card-figcaption-button quickview\" data-product-id=\"{{id}}\">{{lang 'products.quick_view'}}</a>\r\n                    {{/if}}\r\n                {{/unless}}\r\n                {{#if add_to_wishlist_url}}\r\n                    <a href=\"{{add_to_wishlist_url}}\" class=\"button button--small card-figcaption-button wishlist\" data-product-id=\"{{id}}\">wishlist</a>    \r\n                {{/if}}\r\n                {{!--#if show_compare--}}\r\n                <label class=\"button button--small compare card-figcaption-button\" for=\"compare-{{id}}\">\r\n                    {{lang 'products.compare'}} <input type=\"checkbox\" name=\"products[]\" value=\"{{id}}\" id=\"compare-{{id}}\" class=\"compare-{{id}}\" data-compare-id=\"{{id}}\">\r\n                    <span class=\"icon\"></span>\r\n                </label>\r\n                {{!--/if--}}\r\n            </div>\r\n        </figcaption>\r\n    </figure>\r\n    <div class=\"card-body\">\r\n        {{#if brand.name}}\r\n            <p class=\"card-text brand\" data-test-info-type=\"brandName\">{{brand.name}}</p>\r\n        {{/if}}\r\n        <h4 class=\"card-title\">\r\n            <a href=\"{{url}}\">{{name}}</a>\r\n        </h4>\r\n        {{#if show_rating}}\r\n            <p class=\"card-text rating-wrapper\" data-test-info-type=\"productRating\">\r\n                <span class=\"rating--small\">\r\n                    {{> components/products/ratings rating=rating}}\r\n                </span>\r\n            </p>\r\n        {{/if}}\r\n        <div class=\"card-text\" data-test-info-type=\"price\">\r\n            {{> components/products/price price=price}}\r\n        </div>\r\n        {{#if summary}}\r\n            <div class=\"card-desc\">\r\n                {{{ summary }}}\r\n            </div>\r\n        {{/if}}\r\n        {{#if smart_card}}\r\n            {{#if add_to_cart_url }}\r\n                <a href=\"{{add_to_cart_url}}\" class=\"button button--small card-figcaption-button add-to-cart\">{{lang 'products.add_to_cart'}}</a>\r\n            {{/if}}\r\n            {{#if has_options}}\r\n                <a href=\"{{url}}\" class=\"button button--small card-figcaption-button choose-opt\" data-product-id=\"{{id}}\">{{lang 'products.choose_options'}}</a>\r\n            {{/if}}\r\n        {{/if}}\r\n        <div class=\"card-figcaption-body--bottom\">\r\n            {{#if show_cart_action}}\r\n                {{#if add_to_cart_url }}\r\n                    <a href=\"{{add_to_cart_url}}\" class=\"button button--small card-figcaption-button add-to-cart\">{{lang 'products.add_to_cart'}}</a>\r\n                {{/if}}\r\n                {{#if has_options}}\r\n                    <a href=\"{{url}}\" class=\"button button--small card-figcaption-button choose-opt\" data-product-id=\"{{id}}\">{{lang 'products.choose_options'}}</a>\r\n                {{/if}}\r\n                {{#if pre_order}}\r\n                    <a href=\"{{url}}\" class=\"button button--small card-figcaption-button\">{{lang 'products.pre_order'}}</a>\r\n                {{/if}}\r\n                {{#if out_of_stock_message }}\r\n                    <a href=\"{{url}}\" class=\"button button--small card-figcaption-button\" data-product-id=\"{{id}}\">{{out_of_stock_message}}</a>\r\n                {{/if}}\r\n            {{/if}}\r\n            {{#unless hide_product_quick_view}}\r\n                {{#if theme_settings.show_product_quick_view}}\r\n                    <a href=\"#\" class=\"button button--small card-figcaption-button quickview\" data-product-id=\"{{id}}\">{{lang 'products.quick_view'}}</a>\r\n                {{/if}}\r\n            {{/unless}}\r\n            {{#if add_to_wishlist_url}}\r\n                <a href=\"{{add_to_wishlist_url}}\" class=\"button button--small card-figcaption-button wishlist\" data-product-id=\"{{id}}\">wishlist</a>    \r\n            {{/if}}\r\n            {{#if show_compare}}\r\n                <label class=\"button button--small compare card-figcaption-button\" for=\"compare-{{id}}\">\r\n                    {{lang 'products.compare'}} <input type=\"checkbox\" name=\"products[]\" value=\"{{id}}\" id=\"compare-{{id}}\" class=\"compare-{{id}}\" data-compare-id=\"{{id}}\">\r\n                    <span class=\"icon\"></span>\r\n                </label>\r\n            {{/if}}        \r\n        </div>\r\n    </div>\r\n    {{#if custom_fields}}\r\n        {{#each custom_fields}}\r\n            {{#if name '===' 'expiryDate'}}\r\n                {{> components/products/countdown expiryDate=value}} \r\n            {{/if}}\r\n        {{/each}} \r\n    {{/if}}\r\n</article>\r\n","components/products/list-item":"<article class=\"listItem\">\r\n    <figure class=\"listItem-figure\">\r\n        <img class=\"listItem-image\" src=\"{{getImage image 'productgallery_size' (cdn theme_settings.default_image_product)}}\" alt=\"{{image.alt}}\">\r\n    </figure>\r\n    <div class=\"listItem-body\">\r\n        <div class=\"listItem-content\">\r\n            <div class=\"listItem-details\">\r\n                {{#if show_rating}}\r\n                    <p class=\"listItem-rating\">{{> components/products/ratings rating=rating}}</p>\r\n                {{/if}}\r\n                {{#if brand.name}}\r\n                <p class=\"listItem-brand\">{{brand.name}}</p>\r\n                {{/if}}\r\n                <h4 class=\"listItem-title\">\r\n                    <a href=\"{{url}}\">{{name}}</a>\r\n                </h4>\r\n                {{#if summary}}\r\n                    <p>{{summary}}</p>\r\n                {{/if}}\r\n            </div>\r\n            <div class=\"listItem-actions\">\r\n                {{#if price}}\r\n                    <div class=\"listItem-price\">{{> components/products/price price=price}}</div>\r\n                {{/if}}\r\n                {{#unless hide_add_to_cart}}\r\n                    {{#if has_options}}\r\n                        <a href=\"{{url}}\" class=\"button button--primary\" data-product-id=\"{{id}}\">{{lang \"products.choose_options\"}}</a>\r\n                    {{else}}\r\n                        {{#if out_of_stock_message }}\r\n                        <span href=\"{{url}}\" class=\"button button--primary\">{{out_of_stock_message}}</span>\r\n                        {{else}}\r\n                        <a href=\"{{add_to_cart_url}}\" class=\"button button--primary\">{{lang \"products.add_to_cart\"}}</a>\r\n                        {{/if}}\r\n                    {{/if}}\r\n                {{/unless}}\r\n                {{#if show_compare}}\r\n                    <label class=\"button button--small\" for=\"compare-{{id}}\">\r\n                        {{lang \"products.compare\"}} <input type=\"checkbox\" name=\"products[]\" value=\"{{id}}\" id=\"compare-{{id}}\" data-compare-id=\"{{id}}\">\r\n                    </label>\r\n                {{/if}}\r\n            </div>\r\n        </div>\r\n    </div>\r\n</article>\r\n","components/products/ratings":"{{#for 1 5}}\r\n    {{#if ../this.rating '>=' $index}}\r\n        <span class=\"icon icon--ratingFull\">\r\n            <svg>\r\n                <use xlink:href=\"#icon-star\" />\r\n            </svg>\r\n        </span>\r\n    {{else}}\r\n        <span class=\"icon icon--ratingEmpty\">\r\n            <svg>\r\n                <use xlink:href=\"#icon-star\" />\r\n            </svg>\r\n        </span>\r\n    {{/if}}\r\n{{/for}}\r\n{{{snippet 'product_rating'}}}\r\n","components/products/price":"{{#if price.with_tax}}\r\n    <div class=\"price-section price-section--withTax\" {{#if schema_org}}itemprop=\"offers\" itemscope itemtype=\"http://schema.org/Offer\"{{/if}}>\r\n        {{#if price.rrp_with_tax}}\r\n            <span data-product-rrp-with-tax class=\"price price--rrp\">{{price.rrp_with_tax.formatted}}</span>\r\n        {{/if}}\r\n        <span data-product-price-with-tax class=\"price\">{{price.with_tax.formatted}}</span>\r\n        {{#if price.without_tax}}\r\n            {{lang 'products.price_with_tax' tax_label=price.tax_label}}\r\n        {{/if}}\r\n    </div>\r\n{{/if}}\r\n\r\n{{#if price.without_tax}}\r\n    <div class=\"price-section price-section--withoutTax {{#if price.with_tax}}price-section--minor{{/if}}\"  {{#if schema_org}}itemprop=\"offers\" itemscope itemtype=\"http://schema.org/Offer\"{{/if}}>\r\n        {{#if price.rrp_without_tax}}\r\n            <span data-product-rrp-without-tax class=\"price price--rrp\">{{price.rrp_without_tax.formatted}}</span>\r\n        {{/if}}\r\n        {{#if schema_org}}\r\n            <meta itemprop=\"price\" content=\"{{price.without_tax.value}}\">\r\n            <meta itemprop=\"priceCurrency\" content=\"{{currency_selector.active_currency_code}}\">\r\n        {{/if}}\r\n        <span data-product-price-without-tax class=\"price price--withoutTax\">{{price.without_tax.formatted}}</span>\r\n        {{#if price.with_tax}}\r\n            <abbr title=\"{{lang 'products.excluding_tax'}}\">{{lang 'products.price_without_tax' tax_label=price.tax_label}}</abbr>\r\n        {{/if}}\r\n    </div>\r\n{{/if}}\r\n\r\n{{#if page_type '===' 'product'}}\r\n    {{#if price.saved}}\r\n        <div class=\"price-section price-section--saving\">\r\n            <span class=\"price\">\r\n                {{lang 'products.you_save' amount=price.saved.formatted}}\r\n            </span>\r\n        </div>\r\n    {{/if}}\r\n{{/if}}\r\n","components/products/countdown":"<div data-countdown=\"{{expiryDate}}\" class=\"countdown-container\">\r\n    <div class=\"countdown-wrapper\">\r\n        <div class=\"time weeks\">\r\n            <span class=\"count curr top\">00</span>\r\n            <span class=\"count next top\">00</span>\r\n            <span class=\"count next bottom\">00</span>\r\n            <span class=\"count curr bottom\">00</span>\r\n            <span class=\"label\">Weeks</span>\r\n            <span class=\"short-label\">W</span>\r\n        </div>\r\n        <span class=\"separator\"></span>\r\n        <div class=\"time days\">\r\n            <span class=\"count curr top\">00</span>\r\n            <span class=\"count next top\">00</span>\r\n            <span class=\"count next bottom\">00</span>\r\n            <span class=\"count curr bottom\">00</span>\r\n            <span class=\"label\">Days</span>\r\n            <span class=\"short-label\">D</span>\r\n        </div>\r\n        <span class=\"separator\"></span>\r\n        <div class=\"time hours\">\r\n            <span class=\"count curr top\">00</span>\r\n            <span class=\"count next top\">00</span>\r\n            <span class=\"count next bottom\">00</span>\r\n            <span class=\"count curr bottom\">00</span>\r\n            <span class=\"label\">Hours</span>\r\n            <span class=\"short-label\">H</span>\r\n        </div>\r\n        <span class=\"separator\"></span>\r\n        <div class=\"time minutes\">\r\n            <span class=\"count curr top\">00</span>\r\n            <span class=\"count next top\">00</span>\r\n            <span class=\"count next bottom\">00</span>\r\n            <span class=\"count curr bottom\">00</span>\r\n            <span class=\"label\">Minutes</span>\r\n            <span class=\"short-label\">M</span>\r\n        </div>\r\n        <span class=\"separator\"></span>\r\n        <div class=\"time seconds\">\r\n            <span class=\"count curr top\">00</span>\r\n            <span class=\"count next top\">00</span>\r\n            <span class=\"count next bottom\">00</span>\r\n            <span class=\"count curr bottom\">00</span>\r\n            <span class=\"label\">Seconds</span>\r\n            <span class=\"short-label\">S</span>\r\n        </div>   \r\n    </div>\r\n</div>"}