{"components/carousel":"<section class=\"heroCarousel\"\r\n    data-slick='{\r\n        \"dots\": true,\r\n        \"mobileFirst\": true,\r\n        \"slidesToShow\": 1,\r\n        \"slidesToScroll\": 1,\r\n        \"autoplay\": true,\r\n        \"autoplaySpeed\": {{carousel.swap_frequency}}\r\n    }'\r\n>\r\n    {{#each carousel.slides}}\r\n    <div class=\"heroCarousel-slide\" style=\"background-image: url({{image}})\">\r\n        <a href=\"{{url}}\">\r\n            <img class=\"heroCarousel-image\" src=\"{{image}}\" alt=\"{{alt_text}}\"/>\r\n            {{#if heading}}\r\n                {{> components/carousel-content show_background=true}}\r\n            {{else}}\r\n                {{#if text}}\r\n                    {{> components/carousel-content show_background=true}}\r\n                {{else}}\r\n                    {{#if button_text}}\r\n                        {{> components/carousel-content show_background=false}}\r\n                    {{/if}}\r\n                {{/if}}\r\n            {{/if}}\r\n        </a>\r\n    </div>\r\n    {{/each}}\r\n</section>\r\n","components/carousel-content":"<div class=\"heroCarousel-content{{#unless show_background}} heroCarousel-content--empty{{/unless}}\">\r\n    <h1 class=\"heroCarousel-title\">{{heading}}</h1>\r\n    <p class=\"heroCarousel-description\">{{text}}</p>\r\n    {{#if button_text}}\r\n        <span class=\"heroCarousel-action button button--primary button--large\">{{button_text}}</span>\r\n    {{/if}}\r\n</div>\r\n"}
