{"components/products/no-tabs":"<div class=\"similiarProducts\">\n    {{#if product.related_products}}\n        <h3 class=\"productView-title\" itemprop=\"name\"><span>{{lang 'products.related_products'}}</span></h3>\n        {{> components/products/carousel products=product.related_products columns=5}}\n    {{/if}}\n\n    {{#if product.similar_by_views}}\n        <h3 class=\"productView-title\" itemprop=\"name\"><span>{{lang 'products.similar_by_views'}}</span></h3>\n        {{> components/products/carousel products=product.similar_by_views columns=5}}\n    {{/if}}\n</div>\n","components/products/carousel":"<section class=\"productCarousel\"\n    data-slick='{\n        \"dots\": false,\n        \"infinite\": false,\n        \"mobileFirst\": true,\n        \"slidesToShow\": 2,\n        \"slidesToScroll\": 2,\n        \"responsive\": [\n            {\n                \"breakpoint\": 1260,\n                \"settings\": {\n                    \"slidesToScroll\": 3,\n                    \"slidesToShow\": {{ columns }}\n                }\n            },\n            {\n                \"breakpoint\": 800,\n                \"settings\": {\n                    \"slidesToScroll\": 3,\n                    \"slidesToShow\": 4\n                }\n            },\n            {\n                \"breakpoint\": 550,\n                \"settings\": {\n                    \"slidesToScroll\": 3,\n                    \"slidesToShow\": 3\n                }\n            }\n        ]\n    }'\n>\n    {{#each products}}\n    <div class=\"productCarousel-slide\">\n        {{> components/products/card show_rating=true show_compare=../show_compare show_wishlist=../settings.show_wishlist theme_settings=../theme_settings}}\n    </div>\n    {{/each}}\n</section>\n","components/products/card":"<article class=\"card {{#if alternate}}card--alternate{{/if}} {{#if theme_settings.enable_product_thumb_zoom}}zoomable{{/if}}\">\n    <figure class=\"card-figure\">\n        <!-- <a href=\"{{url}}\"> -->\n        <a href=\"#\" class=\"quickview\" data-product-id=\"{{id}}\">\n            <img class=\"card-image\" src=\"{{getImage image 'product' (cdn theme_settings.default_image_product)}}\" alt=\"{{image.alt}}\">\n        </a>\n        <figcaption class=\"card-figcaption\">\n            {{#if false_chck}}\n            <div class=\"card-figcaption-body\">\n                {{#unless hide_product_quick_view}}\n                    {{#if theme_settings.show_product_quick_view}}\n                        <a href=\"#\" class=\"button button--small card-figcaption-button quickview\" data-product-id=\"{{id}}\">{{lang 'products.quick_view'}}</a>\n                    {{/if}}\n                {{/unless}}\n                {{#if show_compare}}\n                    <label class=\"button button--small card-figcaption-button\" for=\"compare-{{id}}\">\n                        {{lang 'products.compare'}} <input type=\"checkbox\" name=\"products[]\" value=\"{{id}}\" id=\"compare-{{id}}\" data-compare-id=\"{{id}}\">\n                    </label>\n                {{/if}}\n                {{#if show_cart_action}}\n                    {{#if has_options}}\n                        <a href=\"{{url}}\" class=\"button button--small card-figcaption-button\" data-product-id=\"{{id}}\">{{lang 'products.choose_options'}}</a>\n                    {{/if}}\n                    {{#if pre_order}}\n                        <a href=\"{{url}}\" class=\"button button--small card-figcaption-button\">{{lang 'products.pre_order'}}</a>\n                    {{/if}}\n                    {{#if add_to_cart_url }}\n                        <a href=\"{{add_to_cart_url}}\" class=\"button button--small card-figcaption-button\">{{lang 'products.add_to_cart'}}</a>\n                    {{/if}}\n                    {{#if out_of_stock_message }}\n                        <a href=\"{{url}}\" class=\"button button--small card-figcaption-button\" data-product-id=\"{{id}}\">{{out_of_stock_message}}</a>\n                    {{/if}}\n                {{/if}}\n            </div>\n            {{/if}}\n            <div class=\"additional-text preload\">\n                {{#if theme_settings.show_product_quick_view}}\n                <a href=\"#\" class=\"button button--small card-figcaption-button quickview\" data-product-id=\"{{id}}\">\n                    {{#unless hide_product_quick_view}}\n                    <div class=\"rating\">\n                        {{#if theme_settings.show_product_quick_view}}\n                        <i class=\"fa fa-eye\"></i>\n                        <p class=\"qv\"><small>{{lang 'products.quick_view'}}</small></p>\n                        {{/if}}\n\n                        {{#if show_rating}}\n                        <p class=\"card-text spr-badge\" data-test-info-type=\"productRating\">\n                            <span class=\"rating--small\">\n                                {{> components/products/ratings rating=rating}}\n                            </span>\n                        </p>\n                        {{/if}}\n\n                        <p class=\"small_desc\">{{summary}}</p>\n                    </div>\n                    {{/unless}}\n                </a>\n                {{/if}}\n            </div>\n        </figcaption>\n        {{#if price.saved}}\n            <div class=\"price-section price-section--saving\">\n                <span class=\"price\">\n                    {{lang 'products.you_save' amount=price.saved.formatted}}\n                </span>\n            </div>\n        {{/if}}\n    </figure>\n    <div class=\"card-body\">\n        {{#if brand.name}}\n            <p class=\"card-text\" data-test-info-type=\"brandName\">{{brand.name}}</p>\n        {{/if}}\n        <h4 class=\"card-title\">\n            <a href=\"{{url}}\">{{name}}</a>\n        </h4>\n        <div class=\"card-text\" data-test-info-type=\"price\">\n            {{#or customer (if theme_settings.restrict_to_login '!==' true)}}\n                {{> components/products/price price=price customer=customer}}\n            {{/or}}\n        </div>\n        <ul class=\"tools\">\n            <li>\n                <!-- <a class=\"btn\" data-effect=\"mfp-zoom-out\" href=\"{{url}}\" rel=\"add-to-cart\"><i class=\"fa fa-shopping-cart hide-tool\"></i><span>{{lang 'products.add_to_cart'}}</span></a> -->\n                {{> components/products/buttons}}\n            </li>\n            {{#if show_wishlist}}\n            <li>\n                <form class=\"form\" method=\"post\" action=\"{{add_to_wishlist_url}}\" data-wishlist-add>\n                    <button class=\"form-action button-list btn btn-secondary anim-btn wishlist-btn-signin\" type=\"submit\" data-tooltip=\"{{lang 'account.wishlists.add_item'}}\">\n                        <i class=\"fa fa-heart-o\"></i>\n                    </button>\n                    <input type=\"hidden\" name=\"variation_id\" value=\"\">\n                    <!-- <input class=\"button\" type=\"submit\" value=\"{{lang 'account.wishlists.add_item'}}\"> -->\n                </form>\n            </li>\n            {{/if}}\n            <li>\n                <a href=\"#\" class=\"button button--small card-figcaption-button quickview button-list btn btn-secondary anim-btn-delay\" data-product-id=\"{{id}}\" data-tooltip=\"{{lang 'products.quick_view'}}\"><i class=\"fa fa-eye\"></i></a>\n            </li>\n            {{#if show_compare}}\n            <li>\n                <label class=\"button button--small card-figcaption-button btn btn-secondary button--compare button-list anim-btn-delay\" for=\"compare-{{id}}\" data-tooltip=\"{{lang 'products.compare'}}\">\n                    <i class=\"fa fa-refresh\" aria-hidden=\"true\"></i> <input type=\"checkbox\" name=\"products[]\" value=\"{{id}}\" id=\"compare-{{id}}\" data-compare-id=\"{{id}}\">\n                </label>\n            </li>\n            {{/if}}\n        </ul>\n    </div>\n</article>\n","components/products/ratings":"{{#for 1 5}}\n    {{#if ../this.rating '>=' $index}}\n        <span class=\"icon icon--ratingFull\">\n            <svg>\n                <use xlink:href=\"#icon-star\" />\n            </svg>\n        </span>\n    {{else}}\n        <span class=\"icon icon--ratingEmpty\">\n            <svg>\n                <use xlink:href=\"#icon-star\" />\n            </svg>\n        </span>\n    {{/if}}\n{{/for}}\n{{{snippet 'product_rating'}}}\n","components/products/price":"{{#or has_options product.options.length}}\n    {{#if price.with_tax}}\n        <div class=\"price-section price-section--withTax\" {{#if schema_org}}itemprop=\"offers\" itemscope itemtype=\"http://schema.org/Offer\"{{/if}}>\n            {{#if price.rrp_with_tax}}\n                <span data-product-rrp-with-tax class=\"price price--rrp\">{{price.rrp_with_tax.formatted}}</span>\n            {{/if}}\n            {{#if page_type '!==' 'product'}}\n                {{#if theme_settings.price_as_low_as}}\n                    <span translate>As low as </span>\n                {{/if}}\n            {{/if}}\n            <span data-product-price-with-tax class=\"price\">{{price.with_tax.formatted}}</span>\n            {{#if price.without_tax}}\n                {{lang 'products.price_with_tax' tax_label=price.tax_label}}\n            {{/if}}\n        </div>\n    {{/if}}\n    {{#if price.without_tax}}\n        <div class=\"price-section price-section--withoutTax {{#if price.with_tax}}price-section--minor{{/if}}\"  {{#if schema_org}}itemprop=\"offers\" itemscope itemtype=\"http://schema.org/Offer\"{{/if}}>\n            {{#if price.rrp_without_tax}}\n                <span data-product-rrp-without-tax class=\"price price--rrp\">{{price.rrp_without_tax.formatted}}</span>\n            {{/if}}\n            {{#if schema_org}}\n                <meta itemprop=\"price\" content=\"{{price.without_tax.value}}\">\n                <meta itemprop=\"priceCurrency\" content=\"{{currency_selector.active_currency_code}}\">\n                <meta itemprop=\"availability\" content=\"{{product.availability}}\">\n                <meta itemprop=\"itemCondition\" itemtype=\"http://schema.org/OfferItemCondition\" content=\"http://schema.org/{{product.condition}}Condition\">\n            {{/if}}\n            {{#if page_type '!==' 'product'}}\n                {{#if theme_settings.price_as_low_as}}\n                    <span translate>As low as </span>\n                {{/if}}\n            {{/if}}\n            <span data-product-price-without-tax class=\"price price--withoutTax\">{{price.without_tax.formatted}}</span>\n            {{#if price.with_tax}}\n                <abbr title=\"{{lang 'products.excluding_tax'}}\">{{lang 'products.price_without_tax' tax_label=price.tax_label}}</abbr>\n            {{/if}}\n        </div>\n    {{/if}}\n    {{#if page_type '===' 'product'}}\n        {{#if price.saved}}\n            <div class=\"price-section price-section--saving\">\n                <span class=\"price\">\n                    {{lang 'products.you_save' amount=price.saved.formatted}}\n                </span>\n            </div>\n        {{/if}}\n    {{/if}}\n{{else}}\n    {{#if price.with_tax}}\n        <div class=\"price-section price-section--withTax\" {{#if schema_org}}itemprop=\"offers\" itemscope itemtype=\"http://schema.org/Offer\"{{/if}}>\n            {{#if price.rrp_with_tax}}\n                <span data-product-rrp-with-tax class=\"price price--rrp\">{{price.rrp_with_tax.formatted}}</span>\n            {{/if}}\n            <span data-product-price-with-tax class=\"price\">{{price.with_tax.formatted}}</span>\n            {{#if price.without_tax}}\n                {{lang 'products.price_with_tax' tax_label=price.tax_label}}\n            {{/if}}\n        </div>\n    {{/if}}\n    {{#if price.without_tax}}\n        <div class=\"price-section price-section--withoutTax {{#if price.with_tax}}price-section--minor{{/if}}\"  {{#if schema_org}}itemprop=\"offers\" itemscope itemtype=\"http://schema.org/Offer\"{{/if}}>\n            {{#if price.rrp_without_tax}}\n                <span data-product-rrp-without-tax class=\"price price--rrp\">{{price.rrp_without_tax.formatted}}</span>\n            {{/if}}\n            {{#if schema_org}}\n                <meta itemprop=\"price\" content=\"{{price.without_tax.value}}\">\n                <meta itemprop=\"priceCurrency\" content=\"{{currency_selector.active_currency_code}}\">\n            {{/if}}\n            <span data-product-price-without-tax class=\"price price--withoutTax\">{{price.without_tax.formatted}}</span>\n            {{#if price.with_tax}}\n                <abbr title=\"{{lang 'products.excluding_tax'}}\">{{lang 'products.price_without_tax' tax_label=price.tax_label}}</abbr>\n            {{/if}}\n        </div>\n    {{/if}}\n    {{#if page_type '===' 'product'}}\n        {{#if price.saved}}\n            <div class=\"price-section price-section--saving\">\n                <span class=\"price\">\n                    {{lang 'products.you_save' amount=price.saved.formatted}}\n                </span>\n            </div>\n        {{/if}}\n    {{/if}}\n{{/or}}","components/products/buttons":"{{#if has_options}}\n    <a href=\"{{url}}\" class=\"button button--primary btn\" data-product-id=\"{{id}}\"><span class=\"tool-title\">{{lang 'products.choose_options'}}</span><span class=\"fa fa-mail-forward hide-tool\"></span></a>\n{{/if}}\n{{#if pre_order}}\n    <a href=\"{{url}}\" class=\"button button--primary btn\" data-product-id=\"{{id}}\"><span class=\"tool-title\">{{lang 'products.pre_order'}}</span><span class=\"fa fa-shopping-mail-forward hide-tool\"></span></a>\n{{/if}}\n{{#if add_to_cart_url}}\n    <a href=\"{{add_to_cart_url}}\" class=\"button button--primary btn\" data-product-id=\"{{id}}\"><span class=\"tool-title\">{{lang 'products.add_to_cart'}}</span><span class=\"fa fa-shopping-cart hide-tool\"></span></a>\n{{/if}}\n{{#if out_of_stock_message}}\n    <a href=\"{{url}}\" class=\"button button--primary btn\" data-product-id=\"{{id}}\"><span class=\"tool-title\">{{out_of_stock_message}}</span><span class=\"fa fa-mail-forward hide-tool\"></a>\n{{/if}}"}