{"components/blog/post":"{{#if theme_settings.show_blog_post_sidebar}}\n<aside class=\"page-sidebar\" id=\"blog-sidebar-container\">\n    {{#if theme_settings.show_latest_news_widget_blog_post}}\n        {{#if blog}}\n            {{> components/sidebar/latest-news}}\n        {{/if}}\n    {{/if}}\n\n    {{#if theme_settings.show_tags_widget_blog_post}}\n        {{> components/blog/post-tags}}\n    {{/if}}\n\n    {{#if theme_settings.show_collections_widget_blog_post}}\n        {{> components/sidebar/collections}}\n    {{/if}}\n</aside>\n{{/if}}\n\n<article class=\"blog {{#if theme_settings.show_blog_post_sidebar}}grid-item large--three-quarters medium--one-whole{{else}}grid-uniform whole-post{{/if}}\">\n    <div class=\"blog-post-body\">\n        {{#if template_file '===' 'pages/blog-post'}}\n        {{> components/blog/title}}\n        {{/if}}\n\n        <div class=\"blog-post-figure\">\n            {{#if post.thumbnail}}\n                <figure class=\"blog-thumbnail\">\n                    <a href=\"{{post.url}}\">\n                        <img src=\"{{getImage post.thumbnail 'zoom'}}\" alt=\"{{post.thumbnail.alt}}\">\n                    </a>\n                </figure>\n            {{/if}}\n            {{#if template_file '!=' 'pages/blog-post'}}\n            {{> components/blog/title}}\n            {{/if}}\n            <p class=\"posted-free\">\n                <span class=\"blog-date\"><i class=\"fa fa-calendar-o\"></i> {{post.date_published}}</span>\n                <span class=\"blog-author\">{{#if post.author}}<i class=\"fa fa-user\"></i> {{lang 'blog.posted_by' name=post.author}}{{/if}}</span>\n                <span class=\"blog-tags\">{{#if post.tags}}<i class=\"fa fa-tag\"></i> {{#each post.tags}}<a href=\"{{url}}\">{{name}}<i>,</i></a> {{/each}}{{/if}}</span>\n            </p>\n        </div>\n\n        <div class=\"blog-post\">\n            {{#if post.body}}\n                {{{post.body}}}\n            {{else}}\n                {{post.summary}}\n                {{#if post.show_read_more}}\n                    &hellip; <br><a href=\"{{url}}\">{{lang 'blog.read_more'}}</a>\n                {{/if}}\n            {{/if}}\n        </div>\n\n        {{#if template_file '==' 'pages/blog-post'}}\n        {{> components/common/share}}\n        {{/if}}\n    </div>\n</article>\n","components/sidebar/latest-news":"<div class=\"latest-news-widget\">\n\t<h5 class=\"sidebarBlock-heading\"><span>{{lang 'sidebar.latest_news'}}</span></h5>\n\n\t<ul class=\"sidebar-list\">\n\t\t{{#each blog}}\n\t\t<li>\n\t\t\t<div class=\"blog-post-image\">\n\t\t\t\t{{#if thumbnail}}\n\t\t\t\t<a href=\"{{url}}\">\n\t\t\t\t\t<img src=\"{{getImage thumbnail 'sidebar'}}\" alt=\"{{thumbnail.alt}}\">\n\t\t\t\t</a>\n\t\t\t\t{{/if}}\n\t\t\t</div>\n\t\t\t<p>\n\t\t\t\t<a href=\"{{url}}\">{{title}}</a>\n\t\t\t\t<br>\n\t\t\t\t<time datetime=\"{{date_published}}\"><em class=\"text-light\">{{date_published}}</em></time>\n\t\t\t</p>\n\t\t</li>\n\t\t{{/each}}\n\t</ul>\n</div>\n","components/blog/post-tags":"{{#if post.tags}}\n<div class=\"blog-post-tags\">\n    <h5 class=\"sidebarBlock-heading\"><span>{{lang 'sidebar.blog_tags'}}</span></h5>\n\n    <ul class=\"blog-tags\">\n        {{#each post.tags}}\n        <li class=\"tag\">\n            <a href=\"{{url}}\">{{name}}</a>\n        </li>\n        {{/each}}\n    </ul>\n</div>\n{{/if}}\n","components/sidebar/collections":"{{#if categories}}\n<div class=\"collections-widget\">\n\t<h5 class=\"sidebarBlock-heading\"><span>{{lang 'sidebar.collections'}}</span></h5>\n\n\t<ul class=\"sidebar-list\">\n\t\t{{#each categories}}\n\t\t<li>\n\t\t\t<a href=\"{{url}}\">{{name}}</a>\n\t\t</li>\n\t\t{{/each}}\n\t</ul>\n</div>\n{{/if}}\n","components/blog/title":"<header class=\"blog-header\">\n    <h2 class=\"blog-title\">\n        <a href=\"{{post.url}}\"><span>{{post.title}}</span></a>\n    </h2>\n</header>\n","components/common/share":"{{#if settings.add_this.buttons}}\n    <div class=\"addthis_toolbox addthis_32x32_style\" addthis:url=\"{{url}}\"\n         addthis:title=\"{{title}}\">\n        <ul class=\"socialLinks\">\n            {{#each settings.add_this.buttons}}\n                <li class=\"socialLinks-item socialLinks-item--{{service}}\">\n                    <a class=\"addthis_button_{{service}} icon icon--{{service}}\" {{{annotation}}}>\n                        {{#if service '===' 'google_plusone'}}\n                            <!-- No custom icons allowed with g+ -->\n                        {{/if}}\n\n                        {{#if service '===' 'facebook'}}\n                            <svg>\n                                <use xlink:href=\"#icon-facebook\"/>\n                            </svg>\n                        {{/if}}\n\n                        {{#if service '===' 'email'}}\n                            <svg>\n                                <use xlink:href=\"#icon-envelope\"/>\n                            </svg>\n                        {{/if}}\n\n                        {{#if service '===' 'print'}}\n                            <svg>\n                                <use xlink:href=\"#icon-print\"/>\n                            </svg>\n                        {{/if}}\n\n                        {{#if service '===' 'twitter'}}\n                            <svg>\n                                <use xlink:href=\"#icon-twitter\"/>\n                            </svg>\n                        {{/if}}\n\n                        {{#if service '===' 'linkedin'}}\n                            <svg>\n                                <use xlink:href=\"#icon-linkedin\"/>\n                            </svg>\n                        {{/if}}\n\n                        {{#if service '===' 'google'}}\n                            <svg>\n                                <use xlink:href=\"#icon-google\"/>\n                            </svg>\n                        {{/if}}\n\n                        {{#if service '===' 'pinterest'}}\n                            <svg>\n                                <use xlink:href=\"#icon-pinterest\"/>\n                            </svg>\n                        {{/if}}\n\n                        {{#if service '===' 'facebook_like'}}\n                            <svg>\n                                <use xlink:href=\"#icon-facebook_like\"/>\n                            </svg>\n                        {{/if}}\n                    </a>\n                </li>\n            {{/each}}\n        </ul>\n        <script type=\"text/javascript\"\n                src=\"//s7.addthis.com/js/300/addthis_widget.js#pubid=ra-4e94ed470ee51e32\"></script>\n        <script>\n            if (typeof(addthis) === \"object\") {\n                addthis.toolbox('.addthis_toolbox');\n            }\n        </script>\n    </div>\n{{/if}}\n"}