{"components/blog/post":"{{#if theme_settings.show_blog_post_sidebar}}\n<aside class=\"page-sidebar\" id=\"blog-sidebar-container\">\n    {{#if theme_settings.show_latest_news_widget_blog_post}}\n        {{#if blog}}\n            {{> components/sidebar/latest-news}}\n        {{/if}}\n    {{/if}}\n\n    {{#if theme_settings.show_tags_widget_blog_post}}\n        {{> components/blog/post-tags}}\n    {{/if}}\n\n    {{#if theme_settings.show_collections_widget_blog_post}}\n        {{> components/sidebar/collections}}\n    {{/if}}\n</aside>\n{{/if}}\n\n<article class=\"blog {{#if theme_settings.show_blog_post_sidebar}}grid-item large--three-quarters medium--one-whole{{else}}grid-uniform whole-post{{/if}}\">\n    <div class=\"blog-post-body\">\n        {{#if template_file '===' 'pages/blog-post'}}\n        {{> components/blog/title}}\n        {{/if}}\n\n        <div class=\"blog-post-figure\">\n            {{#if post.thumbnail}}\n                <figure class=\"blog-thumbnail\">\n                    <a href=\"{{post.url}}\">\n                        <img src=\"{{getImage post.thumbnail 'zoom'}}\" alt=\"{{post.thumbnail.alt}}\">\n                    </a>\n                </figure>\n            {{/if}}\n            {{#if template_file '!=' 'pages/blog-post'}}\n            {{> components/blog/title}}\n            {{/if}}\n            <p class=\"posted-free\">\n                <span class=\"blog-date\"><i class=\"fa fa-calendar-o\"></i> {{post.date_published}}</span>\n                <span class=\"blog-author\">{{#if post.author}}<i class=\"fa fa-user\"></i> {{lang 'blog.posted_by' name=post.author}}{{/if}}</span>\n                <span class=\"blog-tags\">{{#if post.tags}}<i class=\"fa fa-tag\"></i> {{#each post.tags}}<a href=\"{{url}}\">{{name}}<i>,</i></a> {{/each}}{{/if}}</span>\n            </p>\n        </div>\n\n        <div class=\"blog-post\">\n            {{#if post.body}}\n                {{{post.body}}}\n            {{else}}\n                {{post.summary}}\n                {{#if post.show_read_more}}\n                    &hellip; <br><a href=\"{{url}}\">{{lang 'blog.read_more'}}</a>\n                {{/if}}\n            {{/if}}\n        </div>\n\n        {{#if template_file '==' 'pages/blog-post'}}\n        {{> components/common/share}}\n        {{/if}}\n    </div>\n</article>\n","components/sidebar/latest-news":"<div class=\"latest-news-widget\">\n\t<h5 class=\"sidebarBlock-heading\"><span>{{lang 'sidebar.latest_news'}}</span></h5>\n\n\t<ul class=\"sidebar-list\">\n\t\t{{#each blog}}\n\t\t<li>\n\t\t\t<div class=\"blog-post-image\">\n\t\t\t\t{{#if thumbnail}}\n\t\t\t\t<a href=\"{{url}}\">\n\t\t\t\t\t<img src=\"{{getImage thumbnail 'sidebar'}}\" alt=\"{{thumbnail.alt}}\">\n\t\t\t\t</a>\n\t\t\t\t{{/if}}\n\t\t\t</div>\n\t\t\t<p>\n\t\t\t\t<a href=\"{{url}}\">{{title}}</a>\n\t\t\t\t<br>\n\t\t\t\t<time datetime=\"{{date_published}}\"><em class=\"text-light\">{{date_published}}</em></time>\n\t\t\t</p>\n\t\t</li>\n\t\t{{/each}}\n\t</ul>\n</div>\n","components/blog/post-tags":"{{#if post.tags}}\n<div class=\"blog-post-tags\">\n    <h5 class=\"sidebarBlock-heading\"><span>{{lang 'sidebar.blog_tags'}}</span></h5>\n\n    <ul class=\"blog-tags\">\n        {{#each post.tags}}\n        <li class=\"tag\">\n            <a href=\"{{url}}\">{{name}}</a>\n        </li>\n        {{/each}}\n    </ul>\n</div>\n{{/if}}\n","components/sidebar/collections":"{{#if categories}}\n<div class=\"collections-widget\">\n\t<h5 class=\"sidebarBlock-heading\"><span>{{lang 'sidebar.collections'}}</span></h5>\n\n\t<ul class=\"sidebar-list\">\n\t\t{{#each categories}}\n\t\t<li>\n\t\t\t<a href=\"{{url}}\">{{name}}</a>\n\t\t</li>\n\t\t{{/each}}\n\t</ul>\n</div>\n{{/if}}\n","components/blog/title":"<header class=\"blog-header\">\n    <h2 class=\"blog-title\">\n        <a href=\"{{post.url}}\"><span>{{post.title}}</span></a>\n    </h2>\n</header>\n","components/common/share":"{{#if settings.add_this.buttons}}\n    <div class=\"addthis_toolbox addthis_32x32_style\" addthis:url=\"{{url}}\"\n         addthis:title=\"{{title}}\">\n        <ul class=\"socialLinks\">\n            {{#each settings.add_this.buttons}}\n                <li class=\"socialLinks-item socialLinks-item--{{service}}\">\n                    <a class=\"addthis_button_{{service}} icon icon--{{service}}\" {{{annotation}}}>\n                        {{#if service '===' 'google_plusone'}}\n                            <!-- No custom icons allowed with g+ -->\n                        {{/if}}\n\n                        {{#if service '===' 'facebook'}}\n                            <svg>\n                                <use xlink:href=\"#icon-facebook\"/>\n                            </svg>\n                        {{/if}}\n\n                        {{#if service '===' 'email'}}\n                            <svg>\n                                <use xlink:href=\"#icon-envelope\"/>\n                            </svg>\n                        {{/if}}\n\n                        {{#if service '===' 'print'}}\n                            <svg>\n                                <use xlink:href=\"#icon-print\"/>\n                            </svg>\n                        {{/if}}\n\n                        {{#if service '===' 'twitter'}}\n                            <svg>\n                                <use xlink:href=\"#icon-twitter\"/>\n                            </svg>\n                        {{/if}}\n\n                        {{#if service '===' 'linkedin'}}\n                            <svg>\n                                <use xlink:href=\"#icon-linkedin\"/>\n                            </svg>\n                        {{/if}}\n\n                        {{#if service '===' 'google'}}\n                            <svg>\n                                <use xlink:href=\"#icon-google\"/>\n                            </svg>\n                        {{/if}}\n\n                        {{#if service '===' 'pinterest'}}\n                            <svg>\n                                <use xlink:href=\"#icon-pinterest\"/>\n                            </svg>\n                        {{/if}}\n\n                        {{#if service '===' 'facebook_like'}}\n                            <!-- <svg>\n                                <use xlink:href=\"#icon-facebook_like\"/>\n                            </svg> -->\n                            {{> components/common/icons/Facebook_like}}\n                        {{/if}}\n                    </a>\n                </li>\n            {{/each}}\n        </ul>\n        <script type=\"text/javascript\"\n                src=\"//s7.addthis.com/js/300/addthis_widget.js#pubid=ra-4e94ed470ee51e32\"></script>\n        <script>\n            if (typeof(addthis) === \"object\") {\n                addthis.toolbox('.addthis_toolbox');\n            }\n        </script>\n    </div>\n{{/if}}\n","components/common/icons/Facebook_like":"<?xml version=\"1.0\" encoding=\"UTF-8\" standalone=\"no\"?>\n<!-- Created with Inkscape (http://www.inkscape.org/) -->\n\n<svg\n     xmlns:osb=\"http://www.openswatchbook.org/uri/2009/osb\"\n     xmlns:dc=\"http://purl.org/dc/elements/1.1/\"\n     xmlns:cc=\"http://creativecommons.org/ns#\"\n     xmlns:rdf=\"http://www.w3.org/1999/02/22-rdf-syntax-ns#\"\n     xmlns:svg=\"http://www.w3.org/2000/svg\"\n     xmlns=\"http://www.w3.org/2000/svg\"\n     xmlns:sodipodi=\"http://sodipodi.sourceforge.net/DTD/sodipodi-0.dtd\"\n     xmlns:inkscape=\"http://www.inkscape.org/namespaces/inkscape\"\n     id=\"svg2\"\n     version=\"1.1\"\n     inkscape:version=\"0.48.0 r9654\"\n     width=\"30.0\"\n     height=\"25.7\"\n     viewBox=\"0 0 250 250\"\n     sodipodi:docname=\"Like.svg.2011_10_09_19_35_59.0.svg\">\n    <metadata\n         id=\"metadata8\">\n        <rdf:RDF>\n            <cc:Work\n                 rdf:about=\"\">\n                <dc:format>image/svg+xml</dc:format>\n                <dc:type\n                     rdf:resource=\"http://purl.org/dc/dcmitype/StillImage\" />\n                <dc:title />\n            </cc:Work>\n        </rdf:RDF>\n    </metadata>\n    <defs\n         id=\"defs6\">\n        <linearGradient\n             id=\"linearGradient3779\"\n             osb:paint=\"solid\">\n            <stop\n                 style=\"stop-color:#000000;stop-opacity:1;\"\n                 offset=\"0\"\n                 id=\"stop3781\" />\n        </linearGradient>\n    </defs>\n    <sodipodi:namedview\n         pagecolor=\"#ffffff\"\n         bordercolor=\"#666666\"\n         borderopacity=\"1\"\n         objecttolerance=\"10\"\n         gridtolerance=\"10\"\n         guidetolerance=\"10\"\n         inkscape:pageopacity=\"0\"\n         inkscape:pageshadow=\"2\"\n         inkscape:window-width=\"1366\"\n         inkscape:window-height=\"706\"\n         id=\"namedview4\"\n         showgrid=\"false\"\n         inkscape:zoom=\"2\"\n         inkscape:cx=\"219.08488\"\n         inkscape:cy=\"136.09328\"\n         inkscape:window-x=\"-8\"\n         inkscape:window-y=\"-8\"\n         inkscape:window-maximized=\"1\"\n         inkscape:current-layer=\"svg2\" />\n    <path\n         style=\"fill:#455c91;stroke:#485c90;stroke-width:1px;stroke-linecap:butt;stroke-linejoin:miter;stroke-opacity:1;fill-opacity:1\"\n         d=\"m 148.32837,12.258183 0.51148,40.468748 C 139.20582,73.470668 120.15049,105.28732 106.41827,117.111 l -1.74832,-2.16266 -94.622816,-0.18548 c -4.867954,-0.20751 -10.07083166,5.39331 -9.77588228,9.23338 L 9.5842275,245.24576 c 0.3054465,3.97674 4.5317975,8.95131 8.9513065,8.95131 l 84.268866,0 c 3.29811,0 7.81839,-3.27777 7.95672,-7.3238 l 0.36167,-10.57882 c 2.73594,3.8853 10.14115,9.67465 16.54636,9.67465 l 113.56405,0 c 14.21765,0 36.13574,-15.14638 28.93352,-40.68776 8.14314,-6.51674 12.96348,-17.58562 8.13755,-31.64604 8.53941,-6.97887 14.7503,-20.09866 7.59504,-31.82686 22.75629,-19.06879 7.98909,-45.751128 -9.58422,-45.751128 l -76.49299,0 c 2.86149,-12.512899 7.35244,-25.296812 7.05255,-42.134434 -0.259,-14.541651 -9.91848,-35.734811 -16.81761,-47.0169655 -2.87775,-4.7059927 -29.43796,-13.7753076 -41.72867,5.3522705 z\"\n         id=\"path3009\"\n         inkscape:connector-curvature=\"0\"\n         sodipodi:nodetypes=\"cccccssssscsccccscssc\" />\n    <path\n         style=\"fill:#6e7fb3;fill-opacity:1;stroke:none\"\n         d=\"m 11.173184,126.45996 79.702049,0 0.18622,117.13222 -70.949721,0 z\"\n         id=\"path3764\"\n         inkscape:connector-curvature=\"0\"\n         sodipodi:nodetypes=\"ccccc\" />\n    <path\n         style=\"fill:#6475ab;stroke:none;stroke-width:1px;stroke-linecap:butt;stroke-linejoin:miter;stroke-opacity:1;fill-opacity:1\"\n         d=\"m 19.739292,142.28864 63.128492,0 0,94.22719 -55.121043,0 z\"\n         id=\"path2994\"\n         inkscape:connector-curvature=\"0\" />\n    <path\n         style=\"fill:#edf5f7;stroke:none;stroke-width:1px;stroke-linecap:butt;stroke-linejoin:miter;stroke-opacity:1;fill-opacity:1\"\n         d=\"m 186.75899,107.05537 c 3.64921,-14.671256 6.3114,-30.988557 8.07649,-46.627735 0.43389,-3.844405 0.41496,-7.165985 -0.16743,-10.35256 C 192.36401,37.46848 187.08817,26.210849 182.1344,14.873884 177.22775,11.01316 167.62341,9.4760389 160.42089,15.332236 l 0,39.789788 c -12.08314,23.668874 -25.7107,46.455226 -42.53857,67.412826 l -15.86184,11.07426 0,92.11143 10.98608,0.0437 c 0,0 14.56542,8.90683 15.33015,8.52447 1.27455,0.63727 113.55636,0.31676 113.55636,0.31676 6.08698,0.12629 28.0463,-15.91487 14.05936,-28.43548 -1.86384,-1.14334 -1.61903,-4.58087 0.12745,-5.72421 8.74227,-1.56926 19.33797,-18.01476 8.26956,-26.67673 -1.88503,-2.10068 -0.53346,-5.3948 1.69689,-5.64049 6.53852,-3.15733 17.73638,-13.72586 7.57043,-26.48742 -2.05123,-1.04464 -2.13969,-3.73769 -0.23305,-5.36371 9.83299,-1.37143 22.28853,-23.77286 1.67128,-29.15647 z\"\n         id=\"path2987\"\n         inkscape:connector-curvature=\"0\"\n         sodipodi:nodetypes=\"cssccccccccccccccccc\" />\n    <path\n         style=\"fill:#dce4e7;fill-opacity:1;stroke:none\"\n         d=\"m 110.12088,225.75216 0,-97.83787 -8.12739,5.51418 0.0374,92.31497 z\"\n         id=\"path3002\"\n         inkscape:connector-curvature=\"0\"\n         sodipodi:nodetypes=\"ccccc\" />\n    <path\n         style=\"fill:#dce4e7;fill-opacity:1;stroke:none\"\n         d=\"m 171.04423,11.399884 9.43165,40.652927 -24.98112,44.354242 c -2.58881,4.596447 0.54072,9.256167 4.26973,9.431647 l 27.08413,1.27455 c 4.13527,-18.693695 9.12553,-41.491663 8.10826,-55.570258 -1.85043,-9.816859 -5.83148,-22.234164 -12.82678,-36.81829 -3.90674,-2.650186 -7.15259,-3.324818 -11.08587,-3.324818 z\"\n         id=\"path3000\"\n         inkscape:connector-curvature=\"0\"\n         sodipodi:nodetypes=\"ccsscccc\" />\n    <path\n         style=\"fill:#dce4e7;fill-opacity:1;stroke:none\"\n         d=\"m 240.38283,106.9937 c 8.87616,8.4377 3.54659,24.33719 -4.2577,29.961 -1.48023,0.8539 -1.79923,2.95596 -0.72099,4.32596 8.60226,9.83425 -2.83579,26.41318 -6.48894,28.11872 -1.18433,1.06435 -1.33243,2.3014 -1.08148,3.60496 9.79729,13.73043 -1.52324,25.16019 -5.40745,27.75822 -1.28492,1.15206 -1.68314,3.14721 -0.72099,5.04695 8.54614,13.45261 -1.35027,22.97883 -6.9946,28.90008 l 27.88679,0.0591 c 5.36229,0.26876 27.86663,-16.0829 12.95219,-28.92578 -1.67504,-1.44239 -0.59452,-5.1696 0.5507,-5.37511 7.38362,-1.32502 20.4154,-16.92644 8.21847,-26.82346 -0.85187,-0.69124 -1.57771,-4.11995 1.67582,-5.55796 10.07726,-4.45399 16.2999,-15.16591 7.6837,-26.54481 -2.29173,-1.29097 -2.00531,-4.09083 -0.20557,-5.2003 16.83502,-5.01504 17.22217,-27.32454 1.5922,-29.28017 z\"\n         id=\"path2985\"\n         inkscape:connector-curvature=\"0\"\n         sodipodi:nodetypes=\"cccccccccsssscccc\" />\n    <g\n         id=\"g3779\">\n        <path\n             transform=\"matrix(0.59806884,0,0,0.59806884,30.309966,82.598928)\"\n             sodipodi:open=\"true\"\n             sodipodi:end=\"12.541589\"\n             sodipodi:start=\"6.2585156\"\n             d=\"m 80.03736,237.47695 a 13.828837,13.828837 0 1 1 -3.8e-5,-0.002\"\n             sodipodi:ry=\"13.828837\"\n             sodipodi:rx=\"13.828837\"\n             sodipodi:cy=\"237.81807\"\n             sodipodi:cx=\"66.21273\"\n             id=\"path3780\"\n             style=\"fill:#ffffff;fill-opacity:1;stroke:none;stroke-width:0.80720121000000000;stroke-linecap:butt;stroke-linejoin:miter;stroke-miterlimit:4;stroke-opacity:1;stroke-dasharray:none;stroke-dashoffset:0\"\n             sodipodi:type=\"arc\" />\n        <path\n             transform=\"translate(-0.24218783,0.04882811)\"\n             sodipodi:open=\"true\"\n             sodipodi:end=\"12.541589\"\n             sodipodi:start=\"6.2585156\"\n             d=\"m 69.384446,223.01414 a 1.0498047,1.0498047 0 1 1 -3e-6,-1.1e-4\"\n             sodipodi:ry=\"1.0498047\"\n             sodipodi:rx=\"1.0498047\"\n             sodipodi:cy=\"223.04004\"\n             sodipodi:cx=\"68.334961\"\n             id=\"path3782\"\n             style=\"fill:#000000;fill-opacity:1;stroke:none\"\n             sodipodi:type=\"arc\" />\n        <path\n             sodipodi:type=\"arc\"\n             style=\"fill:#000000;fill-opacity:1;stroke:none\"\n             id=\"path3790\"\n             sodipodi:cx=\"68.334961\"\n             sodipodi:cy=\"223.04004\"\n             sodipodi:rx=\"1.0498047\"\n             sodipodi:ry=\"1.0498047\"\n             d=\"m 69.384446,223.01414 a 1.0498047,1.0498047 0 1 1 -3e-6,-1.1e-4\"\n             sodipodi:start=\"6.2585156\"\n             sodipodi:end=\"12.541589\"\n             sodipodi:open=\"true\"\n             transform=\"translate(3.3466792,0.04882811)\" />\n        <path\n             transform=\"translate(3.3466792,3.6865236)\"\n             sodipodi:open=\"true\"\n             sodipodi:end=\"12.541589\"\n             sodipodi:start=\"6.2585156\"\n             d=\"m 69.384446,223.01414 a 1.0498047,1.0498047 0 1 1 -3e-6,-1.1e-4\"\n             sodipodi:ry=\"1.0498047\"\n             sodipodi:rx=\"1.0498047\"\n             sodipodi:cy=\"223.04004\"\n             sodipodi:cx=\"68.334961\"\n             id=\"path3792\"\n             style=\"fill:#000000;fill-opacity:1;stroke:none\"\n             sodipodi:type=\"arc\" />\n        <path\n             sodipodi:type=\"arc\"\n             style=\"fill:#000000;fill-opacity:1;stroke:none\"\n             id=\"path3794\"\n             sodipodi:cx=\"68.334961\"\n             sodipodi:cy=\"223.04004\"\n             sodipodi:rx=\"1.0498047\"\n             sodipodi:ry=\"1.0498047\"\n             d=\"m 69.384446,223.01414 a 1.0498047,1.0498047 0 1 1 -3e-6,-1.1e-4\"\n             sodipodi:start=\"6.2585156\"\n             sodipodi:end=\"12.541589\"\n             sodipodi:open=\"true\"\n             transform=\"translate(-0.24218783,3.6865236)\" />\n    </g>\n</svg>\n"}